,ano,pais,quantidade_exportacao,valor_exportacao,us$/l
1,2010,Afeganistao,0,0,0.0
2,2011,Afeganistao,0,0,0.0
3,2012,Afeganistao,0,0,0.0
4,2013,Afeganistao,0,0,0.0
5,2014,Afeganistao,0,0,0.0
6,2015,Afeganistao,0,0,0.0
7,2016,Afeganistao,0,0,0.0
8,2017,Afeganistao,0,0,0.0
9,2018,Afeganistao,0,0,0.0
10,2019,Afeganistao,0,0,0.0
11,2020,Afeganistao,0,0,0.0
12,2021,Afeganistao,11,46,4.181818181818182
13,2022,Afeganistao,0,0,0.0
14,2023,Afeganistao,0,0,0.0
15,2024,Afeganistao,0,0,0.0
17,2010,Africa do Sul,0,0,0.0
18,2011,Africa do Sul,0,0,0.0
19,2012,Africa do Sul,0,0,0.0
20,2013,Africa do Sul,0,0,0.0
21,2014,Africa do Sul,0,0,0.0
22,2015,Africa do Sul,0,0,0.0
23,2016,Africa do Sul,0,0,0.0
24,2017,Africa do Sul,0,0,0.0
25,2018,Africa do Sul,0,0,0.0
26,2019,Africa do Sul,26,95,3.6538461538461537
27,2020,Africa do Sul,4,21,5.25
28,2021,Africa do Sul,0,0,0.0
29,2022,Africa do Sul,0,0,0.0
30,2023,Africa do Sul,117,698,5.965811965811966
31,2024,Africa do Sul,103,1783,17.310679611650485
33,2010,Alemanha,27715,138666,5.003283420530399
34,2011,Alemanha,36070,144150,3.996395896867203
35,2012,Alemanha,8189,56342,6.880205153254366
36,2013,Alemanha,61699,265978,4.310896448888961
37,2014,Alemanha,213348,761653,3.5700029997937643
38,2015,Alemanha,10680,44780,4.192883895131086
39,2016,Alemanha,14012,68109,4.860762203825293
40,2017,Alemanha,15467,87702,5.670265727031745
41,2018,Alemanha,10794,45382,4.204372799703539
42,2019,Alemanha,3660,25467,6.9581967213114755
43,2020,Alemanha,6261,32605,5.207634563168823
44,2021,Alemanha,2698,6741,2.498517420311342
45,2022,Alemanha,7630,45367,5.945871559633027
46,2023,Alemanha,4806,31853,6.6277569704536
47,2024,Alemanha,6666,48095,7.2149714971497145
49,2010,Angola,33557,189891,5.6587597222636115
50,2011,Angola,13889,69001,4.968032255741954
51,2012,Angola,2833,8861,3.1277797387927992
52,2013,Angola,1573,9300,5.912269548633185
53,2014,Angola,12182,23124,1.8982104744705304
54,2015,Angola,1908,17089,8.95649895178197
55,2016,Angola,7359,35390,4.8090773202880825
56,2017,Angola,10170,61680,6.064896755162242
57,2018,Angola,477,709,1.4863731656184487
58,2019,Angola,345,1065,3.0869565217391304
59,2020,Angola,0,0,0.0
60,2021,Angola,0,0,0.0
61,2022,Angola,4068,4761,1.170353982300885
62,2023,Angola,0,0,0.0
63,2024,Angola,0,0,0.0
65,2010,Anguilla,0,0,0.0
66,2011,Anguilla,0,0,0.0
67,2012,Anguilla,0,0,0.0
68,2013,Anguilla,0,0,0.0
69,2014,Anguilla,0,0,0.0
70,2015,Anguilla,0,0,0.0
71,2016,Anguilla,0,0,0.0
72,2017,Anguilla,0,0,0.0
73,2018,Anguilla,0,0,0.0
74,2019,Anguilla,0,0,0.0
75,2020,Anguilla,0,0,0.0
76,2021,Anguilla,0,0,0.0
77,2022,Anguilla,0,0,0.0
78,2023,Anguilla,0,0,0.0
79,2024,Anguilla,0,0,0.0
81,2010,Antigua e Barbuda,0,0,0.0
82,2011,Antigua e Barbuda,0,0,0.0
83,2012,Antigua e Barbuda,0,0,0.0
84,2013,Antigua e Barbuda,0,0,0.0
85,2014,Antigua e Barbuda,0,0,0.0
86,2015,Antigua e Barbuda,0,0,0.0
87,2016,Antigua e Barbuda,0,0,0.0
88,2017,Antigua e Barbuda,0,0,0.0
89,2018,Antigua e Barbuda,37,191,5.162162162162162
90,2019,Antigua e Barbuda,219,1549,7.073059360730594
91,2020,Antigua e Barbuda,624,1864,2.9871794871794872
92,2021,Antigua e Barbuda,805,2268,2.8173913043478263
93,2022,Antigua e Barbuda,419,1866,4.4534606205250595
94,2023,Antigua e Barbuda,383,1848,4.825065274151436
95,2024,Antigua e Barbuda,447,3329,7.447427293064877
97,2010,Antilhas Holandesas,9810,12808,1.3056065239551478
98,2011,Antilhas Holandesas,7335,10188,1.388957055214724
99,2012,Antilhas Holandesas,9247,14081,1.5227641397209906
100,2013,Antilhas Holandesas,11281,19565,1.7343320627603935
101,2014,Antilhas Holandesas,4455,7169,1.609203142536476
102,2015,Antilhas Holandesas,6660,10545,1.5833333333333333
103,2016,Antilhas Holandesas,16641,26450,1.5894477495342827
104,2017,Antilhas Holandesas,5400,8550,1.5833333333333333
105,2018,Antilhas Holandesas,0,0,0.0
106,2019,Antilhas Holandesas,0,0,0.0
107,2020,Antilhas Holandesas,0,0,0.0
108,2021,Antilhas Holandesas,0,0,0.0
109,2022,Antilhas Holandesas,0,0,0.0
110,2023,Antilhas Holandesas,0,0,0.0
111,2024,Antilhas Holandesas,0,0,0.0
113,2010,Arabia Saudita,0,0,0.0
114,2011,Arabia Saudita,0,0,0.0
115,2012,Arabia Saudita,0,0,0.0
116,2013,Arabia Saudita,0,0,0.0
117,2014,Arabia Saudita,0,0,0.0
118,2015,Arabia Saudita,0,0,0.0
119,2016,Arabia Saudita,0,0,0.0
120,2017,Arabia Saudita,0,0,0.0
121,2018,Arabia Saudita,0,0,0.0
122,2019,Arabia Saudita,0,0,0.0
123,2020,Arabia Saudita,0,0,0.0
124,2021,Arabia Saudita,0,0,0.0
125,2022,Arabia Saudita,0,0,0.0
126,2023,Arabia Saudita,124,142,1.1451612903225807
127,2024,Arabia Saudita,32,54,1.6875
129,2010,Argelia,0,0,0.0
130,2011,Argelia,0,0,0.0
131,2012,Argelia,0,0,0.0
132,2013,Argelia,0,0,0.0
133,2014,Argelia,0,0,0.0
134,2015,Argelia,0,0,0.0
135,2016,Argelia,0,0,0.0
136,2017,Argelia,0,0,0.0
137,2018,Argelia,0,0,0.0
138,2019,Argelia,0,0,0.0
139,2020,Argelia,0,0,0.0
140,2021,Argelia,0,0,0.0
141,2022,Argelia,0,0,0.0
142,2023,Argelia,0,0,0.0
143,2024,Argelia,6,87,14.5
145,2010,Argentina,0,0,0.0
146,2011,Argentina,13253,55460,4.184712895193541
147,2012,Argentina,0,0,0.0
148,2013,Argentina,0,0,0.0
149,2014,Argentina,20385,95130,4.666666666666667
150,2015,Argentina,0,0,0.0
151,2016,Argentina,0,0,0.0
152,2017,Argentina,0,0,0.0
153,2018,Argentina,15711,59150,3.764878110877729
154,2019,Argentina,0,0,0.0
155,2020,Argentina,1015,4176,4.114285714285714
156,2021,Argentina,6,13,2.1666666666666665
157,2022,Argentina,480,3232,6.733333333333333
158,2023,Argentina,4545,36133,7.95005500550055
159,2024,Argentina,21015,167696,7.979823935284321
161,2010,Aruba,0,0,0.0
162,2011,Aruba,900,1680,1.8666666666666667
163,2012,Aruba,0,0,0.0
164,2013,Aruba,0,0,0.0
165,2014,Aruba,450,755,1.6777777777777778
166,2015,Aruba,0,0,0.0
167,2016,Aruba,0,0,0.0
168,2017,Aruba,0,0,0.0
169,2018,Aruba,0,0,0.0
170,2019,Aruba,0,0,0.0
171,2020,Aruba,0,0,0.0
172,2021,Aruba,0,0,0.0
173,2022,Aruba,0,0,0.0
174,2023,Aruba,0,0,0.0
175,2024,Aruba,0,0,0.0
177,2010,Australia,1823,17960,9.851892484914975
178,2011,Australia,3632,40704,11.20704845814978
179,2012,Australia,9345,56045,5.997324772605672
180,2013,Australia,16707,101715,6.088166636739091
181,2014,Australia,6308,43709,6.929137603043754
182,2015,Australia,7437,48011,6.45569450047062
183,2016,Australia,1954,13799,7.061924257932446
184,2017,Australia,1350,7500,5.555555555555555
185,2018,Australia,2055,6902,3.3586374695863745
186,2019,Australia,1161,4682,4.032730404823428
187,2020,Australia,1013,3413,3.3692003948667324
188,2021,Australia,705,4034,5.721985815602837
189,2022,Australia,1424,12299,8.63693820224719
190,2023,Australia,2485,13565,5.458752515090543
191,2024,Australia,2070,19152,9.252173913043478
193,2010,Austria,0,0,0.0
194,2011,Austria,0,0,0.0
195,2012,Austria,0,0,0.0
196,2013,Austria,0,0,0.0
197,2014,Austria,0,0,0.0
198,2015,Austria,0,0,0.0
199,2016,Austria,675,5220,7.733333333333333
200,2017,Austria,0,0,0.0
201,2018,Austria,0,0,0.0
202,2019,Austria,0,0,0.0
203,2020,Austria,0,0,0.0
204,2021,Austria,0,0,0.0
205,2022,Austria,6,212,35.333333333333336
206,2023,Austria,0,0,0.0
207,2024,Austria,0,0,0.0
209,2010,Bahamas,3175,12759,4.018582677165354
210,2011,Bahamas,4529,28810,6.361227644071539
211,2012,Bahamas,1374,12087,8.796943231441048
212,2013,Bahamas,581,5145,8.855421686746988
213,2014,Bahamas,0,0,0.0
214,2015,Bahamas,0,0,0.0
215,2016,Bahamas,0,0,0.0
216,2017,Bahamas,0,0,0.0
217,2018,Bahamas,141,634,4.49645390070922
218,2019,Bahamas,791,3124,3.9494310998735775
219,2020,Bahamas,1212,3703,3.0552805280528053
220,2021,Bahamas,1083,4567,4.216989843028625
221,2022,Bahamas,1215,5799,4.77283950617284
222,2023,Bahamas,1348,7402,5.491097922848665
223,2024,Bahamas,1632,7457,4.5692401960784315
225,2010,Bangladesh,0,0,0.0
226,2011,Bangladesh,0,0,0.0
227,2012,Bangladesh,0,0,0.0
228,2013,Bangladesh,0,0,0.0
229,2014,Bangladesh,0,0,0.0
230,2015,Bangladesh,0,0,0.0
231,2016,Bangladesh,0,0,0.0
232,2017,Bangladesh,0,0,0.0
233,2018,Bangladesh,0,0,0.0
234,2019,Bangladesh,0,0,0.0
235,2020,Bangladesh,3,29,9.666666666666666
236,2021,Bangladesh,2,20,10.0
237,2022,Bangladesh,7,84,12.0
238,2023,Bangladesh,0,0,0.0
239,2024,Bangladesh,0,0,0.0
241,2010,Barbados,0,0,0.0
242,2011,Barbados,0,0,0.0
243,2012,Barbados,0,0,0.0
244,2013,Barbados,0,0,0.0
245,2014,Barbados,0,0,0.0
246,2015,Barbados,0,0,0.0
247,2016,Barbados,0,0,0.0
248,2017,Barbados,0,0,0.0
249,2018,Barbados,0,0,0.0
250,2019,Barbados,36,394,10.944444444444445
251,2020,Barbados,143,169,1.1818181818181819
252,2021,Barbados,216,844,3.9074074074074074
253,2022,Barbados,220,1145,5.204545454545454
254,2023,Barbados,58,303,5.224137931034483
255,2024,Barbados,773,580,0.7503234152652005
257,2010,Barein,0,0,0.0
258,2011,Barein,0,0,0.0
259,2012,Barein,0,0,0.0
260,2013,Barein,0,0,0.0
261,2014,Barein,0,0,0.0
262,2015,Barein,0,0,0.0
263,2016,Barein,0,0,0.0
264,2017,Barein,0,0,0.0
265,2018,Barein,0,0,0.0
266,2019,Barein,482,2144,4.448132780082988
267,2020,Barein,8,28,3.5
268,2021,Barein,302,894,2.9602649006622515
269,2022,Barein,979,2789,2.8488253319713994
270,2023,Barein,283,1684,5.950530035335689
271,2024,Barein,178,1044,5.865168539325842
273,2010,Belgica,42532,185411,4.35932944606414
274,2011,Belgica,11802,62339,5.282070835451618
275,2012,Belgica,16132,90718,5.623481279444582
276,2013,Belgica,22461,95893,4.269311250612172
277,2014,Belgica,151320,704093,4.653006872852234
278,2015,Belgica,4473,26399,5.901855577911916
279,2016,Belgica,7200,46534,6.463055555555556
280,2017,Belgica,2790,16405,5.879928315412187
281,2018,Belgica,7497,52799,7.042683740162731
282,2019,Belgica,2498,12548,5.023218574859888
283,2020,Belgica,3166,20460,6.462413139608339
284,2021,Belgica,483,3749,7.761904761904762
285,2022,Belgica,828,6145,7.421497584541063
286,2023,Belgica,95,683,7.189473684210526
287,2024,Belgica,960,8334,8.68125
289,2010,Belize,0,0,0.0
290,2011,Belize,0,0,0.0
291,2012,Belize,0,0,0.0
292,2013,Belize,0,0,0.0
293,2014,Belize,0,0,0.0
294,2015,Belize,0,0,0.0
295,2016,Belize,0,0,0.0
296,2017,Belize,0,0,0.0
297,2018,Belize,0,0,0.0
298,2019,Belize,9,29,3.2222222222222223
299,2020,Belize,0,0,0.0
300,2021,Belize,0,0,0.0
301,2022,Belize,0,0,0.0
302,2023,Belize,0,0,0.0
303,2024,Belize,0,0,0.0
305,2010,Benin,0,0,0.0
306,2011,Benin,0,0,0.0
307,2012,Benin,0,0,0.0
308,2013,Benin,0,0,0.0
309,2014,Benin,0,0,0.0
310,2015,Benin,0,0,0.0
311,2016,Benin,5040,20333,4.0343253968253965
312,2017,Benin,0,0,0.0
313,2018,Benin,0,0,0.0
314,2019,Benin,9,9,1.0
315,2020,Benin,0,0,0.0
316,2021,Benin,0,0,0.0
317,2022,Benin,0,0,0.0
318,2023,Benin,0,0,0.0
319,2024,Benin,0,0,0.0
321,2010,Bermudas,0,0,0.0
322,2011,Bermudas,0,0,0.0
323,2012,Bermudas,0,0,0.0
324,2013,Bermudas,0,0,0.0
325,2014,Bermudas,0,0,0.0
326,2015,Bermudas,0,0,0.0
327,2016,Bermudas,0,0,0.0
328,2017,Bermudas,0,0,0.0
329,2018,Bermudas,0,0,0.0
330,2019,Bermudas,0,0,0.0
331,2020,Bermudas,0,0,0.0
332,2021,Bermudas,0,0,0.0
333,2022,Bermudas,0,0,0.0
334,2023,Bermudas,16,153,9.5625
335,2024,Bermudas,102,823,8.068627450980392
337,2010,Bolivia,54,282,5.222222222222222
338,2011,Bolivia,12775,20215,1.5823874755381604
339,2012,Bolivia,11868,16804,1.4159083249073139
340,2013,Bolivia,19147,25998,1.357810623074111
341,2014,Bolivia,12534,18303,1.4602680708472953
342,2015,Bolivia,10674,12990,1.2169758291174817
343,2016,Bolivia,13586,16902,1.2440747828647136
344,2017,Bolivia,9495,23085,2.4312796208530805
345,2018,Bolivia,21566,57424,2.66270982101456
346,2019,Bolivia,0,0,0.0
347,2020,Bolivia,9900,16025,1.6186868686868687
348,2021,Bolivia,5850,8360,1.429059829059829
349,2022,Bolivia,32530,49011,1.5066400245926836
350,2023,Bolivia,21926,36950,1.6852139013043874
351,2024,Bolivia,20334,30293,1.489770827185994
353,2010,Bosnia-Herzegovina,0,0,0.0
354,2011,Bosnia-Herzegovina,0,0,0.0
355,2012,Bosnia-Herzegovina,0,0,0.0
356,2013,Bosnia-Herzegovina,0,0,0.0
357,2014,Bosnia-Herzegovina,0,0,0.0
358,2015,Bosnia-Herzegovina,0,0,0.0
359,2016,Bosnia-Herzegovina,0,0,0.0
360,2017,Bosnia-Herzegovina,0,0,0.0
361,2018,Bosnia-Herzegovina,0,0,0.0
362,2019,Bosnia-Herzegovina,0,0,0.0
363,2020,Bosnia-Herzegovina,45,52,1.1555555555555554
364,2021,Bosnia-Herzegovina,0,0,0.0
365,2022,Bosnia-Herzegovina,0,0,0.0
366,2023,Bosnia-Herzegovina,0,0,0.0
367,2024,Bosnia-Herzegovina,0,0,0.0
369,2010,Brasil,0,0,0.0
370,2011,Brasil,0,0,0.0
371,2012,Brasil,0,0,0.0
372,2013,Brasil,0,0,0.0
373,2014,Brasil,0,0,0.0
374,2015,Brasil,0,0,0.0
375,2016,Brasil,0,0,0.0
376,2017,Brasil,0,0,0.0
377,2018,Brasil,0,0,0.0
378,2019,Brasil,0,0,0.0
379,2020,Brasil,0,0,0.0
380,2021,Brasil,31,46,1.4838709677419355
381,2022,Brasil,2504,952,0.3801916932907348
382,2023,Brasil,0,0,0.0
383,2024,Brasil,96,244,2.5416666666666665
385,2010,Bulgaria,0,0,0.0
386,2011,Bulgaria,0,0,0.0
387,2012,Bulgaria,0,0,0.0
388,2013,Bulgaria,0,0,0.0
389,2014,Bulgaria,0,0,0.0
390,2015,Bulgaria,0,0,0.0
391,2016,Bulgaria,0,0,0.0
392,2017,Bulgaria,117,1579,13.495726495726496
393,2018,Bulgaria,0,0,0.0
394,2019,Bulgaria,0,0,0.0
395,2020,Bulgaria,0,0,0.0
396,2021,Bulgaria,0,0,0.0
397,2022,Bulgaria,5,31,6.2
398,2023,Bulgaria,0,0,0.0
399,2024,Bulgaria,18,184,10.222222222222221
401,2010,Cabo Verde,11991,49366,4.116921024101409
402,2011,Cabo Verde,600,825,1.375
403,2012,Cabo Verde,0,0,0.0
404,2013,Cabo Verde,0,0,0.0
405,2014,Cabo Verde,0,0,0.0
406,2015,Cabo Verde,0,0,0.0
407,2016,Cabo Verde,0,0,0.0
408,2017,Cabo Verde,0,0,0.0
409,2018,Cabo Verde,18,48,2.6666666666666665
410,2019,Cabo Verde,0,0,0.0
411,2020,Cabo Verde,0,0,0.0
412,2021,Cabo Verde,16,124,7.75
413,2022,Cabo Verde,0,0,0.0
414,2023,Cabo Verde,0,0,0.0
415,2024,Cabo Verde,0,0,0.0
417,2010,Camaroes,0,0,0.0
418,2011,Camaroes,0,0,0.0
419,2012,Camaroes,0,0,0.0
420,2013,Camaroes,0,0,0.0
421,2014,Camaroes,0,0,0.0
422,2015,Camaroes,0,0,0.0
423,2016,Camaroes,0,0,0.0
424,2017,Camaroes,1749,7476,4.274442538593482
425,2018,Camaroes,0,0,0.0
426,2019,Camaroes,0,0,0.0
427,2020,Camaroes,0,178,0.0
428,2021,Camaroes,0,0,0.0
429,2022,Camaroes,0,0,0.0
430,2023,Camaroes,0,0,0.0
431,2024,Camaroes,0,0,0.0
433,2010,Canada,0,0,0.0
434,2011,Canada,28906,128076,4.430775617518854
435,2012,Canada,14304,146035,10.209381991051455
436,2013,Canada,25329,174643,6.894982036400964
437,2014,Canada,35082,226875,6.466991619634
438,2015,Canada,24547,118394,4.823155579093168
439,2016,Canada,13711,71096,5.185325650937203
440,2017,Canada,6075,30658,5.046584362139917
441,2018,Canada,5308,20414,3.8458929917106253
442,2019,Canada,1589,6933,4.3631214600377595
443,2020,Canada,1672,8431,5.042464114832536
444,2021,Canada,1172,6157,5.253412969283277
445,2022,Canada,1183,5784,4.889264581572274
446,2023,Canada,11539,42179,3.655342750671635
447,2024,Canada,4320,35179,8.143287037037037
449,2010,Catar,0,0,0.0
450,2011,Catar,0,0,0.0
451,2012,Catar,0,0,0.0
452,2013,Catar,0,0,0.0
453,2014,Catar,0,0,0.0
454,2015,Catar,0,0,0.0
455,2016,Catar,0,0,0.0
456,2017,Catar,13338,81606,6.118308591992802
457,2018,Catar,0,0,0.0
458,2019,Catar,0,0,0.0
459,2020,Catar,0,0,0.0
460,2021,Catar,1,2,2.0
461,2022,Catar,0,0,0.0
462,2023,Catar,5,18,3.6
463,2024,Catar,0,0,0.0
465,2010,Ilhas Cayman,0,0,0.0
466,2011,Ilhas Cayman,0,0,0.0
467,2012,Ilhas Cayman,0,0,0.0
468,2013,Ilhas Cayman,0,0,0.0
469,2014,Ilhas Cayman,0,0,0.0
470,2015,Ilhas Cayman,0,0,0.0
471,2016,Ilhas Cayman,0,0,0.0
472,2017,Ilhas Cayman,0,0,0.0
473,2018,Ilhas Cayman,19,203,10.68421052631579
474,2019,Ilhas Cayman,19,106,5.578947368421052
475,2020,Ilhas Cayman,123,339,2.7560975609756095
476,2021,Ilhas Cayman,104,356,3.423076923076923
477,2022,Ilhas Cayman,160,958,5.9875
478,2023,Ilhas Cayman,438,2632,6.0091324200913245
479,2024,Ilhas Cayman,180,591,3.283333333333333
481,2010,Chile,0,0,0.0
482,2011,Chile,0,0,0.0
483,2012,Chile,8550,15438,1.8056140350877192
484,2013,Chile,0,0,0.0
485,2014,Chile,0,0,0.0
486,2015,Chile,0,0,0.0
487,2016,Chile,0,0,0.0
488,2017,Chile,0,0,0.0
489,2018,Chile,11049,42832,3.8765499140193684
490,2019,Chile,0,0,0.0
491,2020,Chile,11,13,1.1818181818181819
492,2021,Chile,26,6,0.23076923076923078
493,2022,Chile,2094,7986,3.8137535816618913
494,2023,Chile,9,63,7.0
495,2024,Chile,0,0,0.0
497,2010,China,795,2358,2.9660377358490564
498,2011,China,54156,334867,6.1833776497525665
499,2012,China,87905,642177,7.305352369034753
500,2013,China,40929,279956,6.840040069388453
501,2014,China,64040,455340,7.110243597751405
502,2015,China,47609,222866,4.681173727656535
503,2016,China,134106,499622,3.725575291187568
504,2017,China,67594,266086,3.9365328283575467
505,2018,China,30835,126336,4.097162315550511
506,2019,China,129852,376828,2.9019807165080245
507,2020,China,122253,363000,2.969252288287404
508,2021,China,61884,264116,4.267920625686769
509,2022,China,105395,404647,3.839337729493809
510,2023,China,73917,183096,2.477048581517107
511,2024,China,34231,182595,5.334199994157343
513,2010,Chipre,0,0,0.0
514,2011,Chipre,0,0,0.0
515,2012,Chipre,0,0,0.0
516,2013,Chipre,0,0,0.0
517,2014,Chipre,0,0,0.0
518,2015,Chipre,0,0,0.0
519,2016,Chipre,0,0,0.0
520,2017,Chipre,0,0,0.0
521,2018,Chipre,279,480,1.7204301075268817
522,2019,Chipre,672,1843,2.7425595238095237
523,2020,Chipre,2478,6785,2.738095238095238
524,2021,Chipre,1855,4530,2.442048517520216
525,2022,Chipre,1521,4458,2.9309664694280078
526,2023,Chipre,524,2995,5.715648854961832
527,2024,Chipre,988,4308,4.3603238866396765
529,2010,Cingapura,1533,5504,3.5903457273320285
530,2011,Cingapura,911,3317,3.641053787047201
531,2012,Cingapura,1212,5310,4.381188118811881
532,2013,Cingapura,766,5779,7.544386422976501
533,2014,Cingapura,541,3887,7.184842883548983
534,2015,Cingapura,1116,2774,2.485663082437276
535,2016,Cingapura,5445,13199,2.424058769513315
536,2017,Cingapura,0,0,0.0
537,2018,Cingapura,3298,11616,3.522134627046695
538,2019,Cingapura,5044,19099,3.786478984932593
539,2020,Cingapura,4049,9316,2.3008150160533467
540,2021,Cingapura,0,0,0.0
541,2022,Cingapura,0,0,0.0
542,2023,Cingapura,0,0,0.0
543,2024,Cingapura,0,0,0.0
545,2010,"Cocos (Keeling), Ilhas",0,0,0.0
546,2011,"Cocos (Keeling), Ilhas",0,0,0.0
547,2012,"Cocos (Keeling), Ilhas",0,0,0.0
548,2013,"Cocos (Keeling), Ilhas",0,0,0.0
549,2014,"Cocos (Keeling), Ilhas",0,0,0.0
550,2015,"Cocos (Keeling), Ilhas",0,0,0.0
551,2016,"Cocos (Keeling), Ilhas",0,0,0.0
552,2017,"Cocos (Keeling), Ilhas",0,0,0.0
553,2018,"Cocos (Keeling), Ilhas",0,0,0.0
554,2019,"Cocos (Keeling), Ilhas",0,0,0.0
555,2020,"Cocos (Keeling), Ilhas",0,0,0.0
556,2021,"Cocos (Keeling), Ilhas",0,0,0.0
557,2022,"Cocos (Keeling), Ilhas",26,60,2.3076923076923075
558,2023,"Cocos (Keeling), Ilhas",0,0,0.0
559,2024,"Cocos (Keeling), Ilhas",0,0,0.0
561,2010,Colombia,0,0,0.0
562,2011,Colombia,0,0,0.0
563,2012,Colombia,0,0,0.0
564,2013,Colombia,8,30,3.75
565,2014,Colombia,0,0,0.0
566,2015,Colombia,0,0,0.0
567,2016,Colombia,0,0,0.0
568,2017,Colombia,0,0,0.0
569,2018,Colombia,6944,26273,3.7835541474654377
570,2019,Colombia,897,1999,2.2285395763656632
571,2020,Colombia,15660,23780,1.5185185185185186
572,2021,Colombia,12160,21867,1.7982730263157896
573,2022,Colombia,8217,14068,1.7120603626627724
574,2023,Colombia,450,1259,2.7977777777777777
575,2024,Colombia,0,0,0.0
577,2010,Comores,0,0,0.0
578,2011,Comores,0,0,0.0
579,2012,Comores,0,0,0.0
580,2013,Comores,0,0,0.0
581,2014,Comores,0,0,0.0
582,2015,Comores,0,0,0.0
583,2016,Comores,0,0,0.0
584,2017,Comores,0,0,0.0
585,2018,Comores,0,0,0.0
586,2019,Comores,0,0,0.0
587,2020,Comores,9,25,2.7777777777777777
588,2021,Comores,0,0,0.0
589,2022,Comores,0,0,0.0
590,2023,Comores,0,0,0.0
591,2024,Comores,0,0,0.0
593,2010,Congo,0,0,0.0
594,2011,Congo,360,570,1.5833333333333333
595,2012,Congo,0,0,0.0
596,2013,Congo,0,0,0.0
597,2014,Congo,0,0,0.0
598,2015,Congo,0,0,0.0
599,2016,Congo,0,0,0.0
600,2017,Congo,0,0,0.0
601,2018,Congo,0,0,0.0
602,2019,Congo,0,0,0.0
603,2020,Congo,0,0,0.0
604,2021,Congo,0,0,0.0
605,2022,Congo,0,0,0.0
606,2023,Congo,17100,26600,1.5555555555555556
607,2024,Congo,2340,3753,1.603846153846154
609,2010,Coreia do Sul,0,0,0.0
610,2011,Coreia do Sul,0,0,0.0
611,2012,Coreia do Sul,0,0,0.0
612,2013,Coreia do Sul,0,0,0.0
613,2014,Coreia do Sul,0,0,0.0
614,2015,Coreia do Sul,0,0,0.0
615,2016,Coreia do Sul,8,20,2.5
616,2017,Coreia do Sul,0,0,0.0
617,2018,Coreia do Sul,120,109,0.9083333333333333
618,2019,Coreia do Sul,70,194,2.7714285714285714
619,2020,Coreia do Sul,103,433,4.203883495145631
620,2021,Coreia do Sul,67,100,1.492537313432836
621,2022,Coreia do Sul,77,257,3.3376623376623376
622,2023,Coreia do Sul,25,171,6.84
623,2024,Coreia do Sul,173,1050,6.069364161849711
625,2010,Costa do Marfim,0,0,0.0
626,2011,Costa do Marfim,0,0,0.0
627,2012,Costa do Marfim,0,0,0.0
628,2013,Costa do Marfim,0,0,0.0
629,2014,Costa do Marfim,0,0,0.0
630,2015,Costa do Marfim,0,0,0.0
631,2016,Costa do Marfim,0,0,0.0
632,2017,Costa do Marfim,0,0,0.0
633,2018,Costa do Marfim,0,0,0.0
634,2019,Costa do Marfim,0,0,0.0
635,2020,Costa do Marfim,0,0,0.0
636,2021,Costa do Marfim,0,0,0.0
637,2022,Costa do Marfim,0,0,0.0
638,2023,Costa do Marfim,0,0,0.0
639,2024,Costa do Marfim,0,0,0.0
641,2010,Costa Rica,0,0,0.0
642,2011,Costa Rica,0,0,0.0
643,2012,Costa Rica,0,0,0.0
644,2013,Costa Rica,0,0,0.0
645,2014,Costa Rica,0,0,0.0
646,2015,Costa Rica,0,0,0.0
647,2016,Costa Rica,0,0,0.0
648,2017,Costa Rica,0,0,0.0
649,2018,Costa Rica,0,0,0.0
650,2019,Costa Rica,0,0,0.0
651,2020,Costa Rica,0,0,0.0
652,2021,Costa Rica,0,0,0.0
653,2022,Costa Rica,0,0,0.0
654,2023,Costa Rica,0,0,0.0
655,2024,Costa Rica,0,0,0.0
657,2010,Coveite (Kuweit),0,0,0.0
658,2011,Coveite (Kuweit),0,0,0.0
659,2012,Coveite (Kuweit),0,0,0.0
660,2013,Coveite (Kuweit),0,0,0.0
661,2014,Coveite (Kuweit),0,0,0.0
662,2015,Coveite (Kuweit),0,0,0.0
663,2016,Coveite (Kuweit),0,0,0.0
664,2017,Coveite (Kuweit),0,0,0.0
665,2018,Coveite (Kuweit),0,0,0.0
666,2019,Coveite (Kuweit),0,0,0.0
667,2020,Coveite (Kuweit),0,0,0.0
668,2021,Coveite (Kuweit),0,0,0.0
669,2022,Coveite (Kuweit),0,0,0.0
670,2023,Coveite (Kuweit),0,0,0.0
671,2024,Coveite (Kuweit),16,72,4.5
673,2010,Croacia,0,0,0.0
674,2011,Croacia,0,0,0.0
675,2012,Croacia,0,0,0.0
676,2013,Croacia,0,0,0.0
677,2014,Croacia,0,0,0.0
678,2015,Croacia,0,0,0.0
679,2016,Croacia,0,0,0.0
680,2017,Croacia,0,0,0.0
681,2018,Croacia,0,0,0.0
682,2019,Croacia,0,0,0.0
683,2020,Croacia,21,123,5.857142857142857
684,2021,Croacia,0,0,0.0
685,2022,Croacia,34,484,14.235294117647058
686,2023,Croacia,0,0,0.0
687,2024,Croacia,23,44,1.9130434782608696
689,2010,Cuba,0,0,0.0
690,2011,Cuba,2880,4899,1.7010416666666666
691,2012,Cuba,0,0,0.0
692,2013,Cuba,0,0,0.0
693,2014,Cuba,38875,43200,1.1112540192926046
694,2015,Cuba,97965,108864,1.1112540192926046
695,2016,Cuba,63741,69830,1.095527211684787
696,2017,Cuba,62791,72229,1.1503081651829083
697,2018,Cuba,4776,5584,1.169179229480737
698,2019,Cuba,0,0,0.0
699,2020,Cuba,0,0,0.0
700,2021,Cuba,0,0,0.0
701,2022,Cuba,16,6,0.375
702,2023,Cuba,0,0,0.0
703,2024,Cuba,0,0,0.0
705,2010,Curacao,0,0,0.0
706,2011,Curacao,0,0,0.0
707,2012,Curacao,0,0,0.0
708,2013,Curacao,0,0,0.0
709,2014,Curacao,0,0,0.0
710,2015,Curacao,0,0,0.0
711,2016,Curacao,0,0,0.0
712,2017,Curacao,12340,23011,1.8647487844408428
713,2018,Curacao,23930,43676,1.825156707062265
714,2019,Curacao,33951,62067,1.8281346646637802
715,2020,Curacao,47962,65986,1.375797506359201
716,2021,Curacao,32263,58993,1.8285032390044322
717,2022,Curacao,40673,66950,1.6460551225628794
718,2023,Curacao,25135,40807,1.6235130296399443
719,2024,Curacao,25146,50990,2.027757893899626
721,2010,Dinamarca,7034,69161,9.83238555587148
722,2011,Dinamarca,32797,83057,2.5324572369424034
723,2012,Dinamarca,4716,23802,5.0470737913486
724,2013,Dinamarca,17892,101915,5.696121171473284
725,2014,Dinamarca,3240,16871,5.207098765432098
726,2015,Dinamarca,7080,29306,4.139265536723164
727,2016,Dinamarca,1278,8171,6.39358372456964
728,2017,Dinamarca,581,2829,4.869191049913941
729,2018,Dinamarca,0,0,0.0
730,2019,Dinamarca,240,306,1.275
731,2020,Dinamarca,659,1962,2.9772382397572077
732,2021,Dinamarca,87,504,5.793103448275862
733,2022,Dinamarca,2,6,3.0
734,2023,Dinamarca,1734,15261,8.801038062283737
735,2024,Dinamarca,11,185,16.818181818181817
737,2010,Dominica,0,0,0.0
738,2011,Dominica,0,0,0.0
739,2012,Dominica,0,0,0.0
740,2013,Dominica,0,0,0.0
741,2014,Dominica,0,0,0.0
742,2015,Dominica,0,0,0.0
743,2016,Dominica,0,0,0.0
744,2017,Dominica,0,0,0.0
745,2018,Dominica,0,0,0.0
746,2019,Dominica,0,0,0.0
747,2020,Dominica,0,0,0.0
748,2021,Dominica,460,634,1.3782608695652174
749,2022,Dominica,1485,2223,1.496969696969697
750,2023,Dominica,0,0,0.0
751,2024,Dominica,947,4545,4.799366420274551
753,2010,El Salvador,0,0,0.0
754,2011,El Salvador,0,0,0.0
755,2012,El Salvador,0,0,0.0
756,2013,El Salvador,0,0,0.0
757,2014,El Salvador,0,0,0.0
758,2015,El Salvador,0,0,0.0
759,2016,El Salvador,0,0,0.0
760,2017,El Salvador,0,0,0.0
761,2018,El Salvador,0,0,0.0
762,2019,El Salvador,0,0,0.0
763,2020,El Salvador,0,0,0.0
764,2021,El Salvador,0,0,0.0
765,2022,El Salvador,0,0,0.0
766,2023,El Salvador,0,0,0.0
767,2024,El Salvador,0,0,0.0
769,2010,Emirados Arabes Unidos,1035,3206,3.097584541062802
770,2011,Emirados Arabes Unidos,2120,6594,3.110377358490566
771,2012,Emirados Arabes Unidos,675,3300,4.888888888888889
772,2013,Emirados Arabes Unidos,0,0,0.0
773,2014,Emirados Arabes Unidos,640,3381,5.2828125
774,2015,Emirados Arabes Unidos,765,3740,4.888888888888889
775,2016,Emirados Arabes Unidos,585,2760,4.717948717948718
776,2017,Emirados Arabes Unidos,675,3302,4.891851851851852
777,2018,Emirados Arabes Unidos,360,1762,4.894444444444445
778,2019,Emirados Arabes Unidos,450,2202,4.8933333333333335
779,2020,Emirados Arabes Unidos,581,2279,3.9225473321858866
780,2021,Emirados Arabes Unidos,810,10522,12.990123456790123
781,2022,Emirados Arabes Unidos,4781,85465,17.87596737084292
782,2023,Emirados Arabes Unidos,1417,6762,4.772053634438955
783,2024,Emirados Arabes Unidos,1688,8253,4.889218009478673
785,2010,Equador,0,0,0.0
786,2011,Equador,0,0,0.0
787,2012,Equador,0,0,0.0
788,2013,Equador,0,0,0.0
789,2014,Equador,0,0,0.0
790,2015,Equador,0,0,0.0
791,2016,Equador,0,0,0.0
792,2017,Equador,0,0,0.0
793,2018,Equador,0,0,0.0
794,2019,Equador,2,3,1.5
795,2020,Equador,3780,3824,1.0116402116402117
796,2021,Equador,0,0,0.0
797,2022,Equador,135,210,1.5555555555555556
798,2023,Equador,2790,4392,1.5741935483870968
799,2024,Equador,0,0,0.0
801,2010,Eslovaquia,0,0,0.0
802,2011,Eslovaquia,0,0,0.0
803,2012,Eslovaquia,0,0,0.0
804,2013,Eslovaquia,0,0,0.0
805,2014,Eslovaquia,0,0,0.0
806,2015,Eslovaquia,0,0,0.0
807,2016,Eslovaquia,0,0,0.0
808,2017,Eslovaquia,0,0,0.0
809,2018,Eslovaquia,0,0,0.0
810,2019,Eslovaquia,0,0,0.0
811,2020,Eslovaquia,0,0,0.0
812,2021,Eslovaquia,0,0,0.0
813,2022,Eslovaquia,0,0,0.0
814,2023,Eslovaquia,0,0,0.0
815,2024,Eslovaquia,0,0,0.0
817,2010,Espanha,0,0,0.0
818,2011,Espanha,5206,24618,4.728774490971955
819,2012,Espanha,0,0,0.0
820,2013,Espanha,1972980,3748940,1.9001409036077406
821,2014,Espanha,0,0,0.0
822,2015,Espanha,0,0,0.0
823,2016,Espanha,0,0,0.0
824,2017,Espanha,0,0,0.0
825,2018,Espanha,6123,22631,3.6960640209047853
826,2019,Espanha,3540,1353,0.3822033898305085
827,2020,Espanha,28,126,4.5
828,2021,Espanha,0,0,0.0
829,2022,Espanha,0,0,0.0
830,2023,Espanha,180,4171,23.17222222222222
831,2024,Espanha,191,2062,10.795811518324607
833,2010,Estados Unidos,228968,478630,2.0903794416687047
834,2011,Estados Unidos,306787,1030254,3.3582061821393996
835,2012,Estados Unidos,146585,303986,2.0737865402326294
836,2013,Estados Unidos,245368,786556,3.205617684457631
837,2014,Estados Unidos,222267,494216,2.2235239599220757
838,2015,Estados Unidos,195896,524109,2.675445134152816
839,2016,Estados Unidos,258072,687411,2.6636403794289967
840,2017,Estados Unidos,132688,1523699,11.48332177740263
841,2018,Estados Unidos,169109,512519,3.0307020915504204
842,2019,Estados Unidos,209765,616274,2.9379257740805187
843,2020,Estados Unidos,300178,610793,2.034769370173697
844,2021,Estados Unidos,111085,203554,1.8324166179052077
845,2022,Estados Unidos,220373,447893,2.0324313777096106
846,2023,Estados Unidos,229839,429091,1.8669198873994404
847,2024,Estados Unidos,310410,648724,2.0898940111465483
849,2010,Estonia,15848,40778,2.5730691569914184
850,2011,Estonia,450,5336,11.857777777777779
851,2012,Estonia,3321,19384,5.836796145739235
852,2013,Estonia,0,0,0.0
853,2014,Estonia,0,0,0.0
854,2015,Estonia,0,0,0.0
855,2016,Estonia,900,4800,5.333333333333333
856,2017,Estonia,0,0,0.0
857,2018,Estonia,0,0,0.0
858,2019,Estonia,0,0,0.0
859,2020,Estonia,0,0,0.0
860,2021,Estonia,0,0,0.0
861,2022,Estonia,0,0,0.0
862,2023,Estonia,0,0,0.0
863,2024,Estonia,0,0,0.0
865,2010,Filipinas,0,0,0.0
866,2011,Filipinas,0,0,0.0
867,2012,Filipinas,0,0,0.0
868,2013,Filipinas,0,0,0.0
869,2014,Filipinas,0,0,0.0
870,2015,Filipinas,0,0,0.0
871,2016,Filipinas,0,0,0.0
872,2017,Filipinas,0,0,0.0
873,2018,Filipinas,9608,16205,1.686615320566195
874,2019,Filipinas,736,2486,3.3777173913043477
875,2020,Filipinas,719,1548,2.152990264255911
876,2021,Filipinas,2784,10368,3.7241379310344827
877,2022,Filipinas,375,790,2.1066666666666665
878,2023,Filipinas,94,334,3.5531914893617023
879,2024,Filipinas,11514,27378,2.377800937988536
881,2010,Finlandia,0,0,0.0
882,2011,Finlandia,12404,50394,4.062721702676556
883,2012,Finlandia,17100,67959,3.9742105263157894
884,2013,Finlandia,36682,283114,7.718063355324137
885,2014,Finlandia,12960,94962,7.327314814814815
886,2015,Finlandia,0,0,0.0
887,2016,Finlandia,7617,41003,5.383090455559932
888,2017,Finlandia,0,0,0.0
889,2018,Finlandia,0,0,0.0
890,2019,Finlandia,0,0,0.0
891,2020,Finlandia,0,0,0.0
892,2021,Finlandia,0,0,0.0
893,2022,Finlandia,0,0,0.0
894,2023,Finlandia,5,11,2.2
895,2024,Finlandia,0,0,0.0
897,2010,Franca,3614,18904,5.230769230769231
898,2011,Franca,0,0,0.0
899,2012,Franca,195604,185791,0.9498323142676018
900,2013,Franca,6885,42256,6.137400145243283
901,2014,Franca,33755,167807,4.971322766997482
902,2015,Franca,1596,4749,2.975563909774436
903,2016,Franca,6037,30055,4.978466125559052
904,2017,Franca,4253,21654,5.091464848342347
905,2018,Franca,11077,48677,4.394420872077277
906,2019,Franca,18286,67072,3.667942688395494
907,2020,Franca,12622,57144,4.527333227697671
908,2021,Franca,7052,23742,3.3667044809982984
909,2022,Franca,5694,25008,4.3919915700737615
910,2023,Franca,2265,14722,6.499779249448124
911,2024,Franca,3729,29768,7.9828372217752745
913,2010,Gabao,0,0,0.0
914,2011,Gabao,0,0,0.0
915,2012,Gabao,0,0,0.0
916,2013,Gabao,0,0,0.0
917,2014,Gabao,0,0,0.0
918,2015,Gabao,0,0,0.0
919,2016,Gabao,0,0,0.0
920,2017,Gabao,0,0,0.0
921,2018,Gabao,0,0,0.0
922,2019,Gabao,0,0,0.0
923,2020,Gabao,0,0,0.0
924,2021,Gabao,0,0,0.0
925,2022,Gabao,0,0,0.0
926,2023,Gabao,0,0,0.0
927,2024,Gabao,5,18,3.6
929,2010,Gana,0,0,0.0
930,2011,Gana,0,0,0.0
931,2012,Gana,0,0,0.0
932,2013,Gana,0,0,0.0
933,2014,Gana,0,0,0.0
934,2015,Gana,0,0,0.0
935,2016,Gana,0,0,0.0
936,2017,Gana,0,0,0.0
937,2018,Gana,9000,13502,1.5002222222222221
938,2019,Gana,7673,10010,1.3045744819496938
939,2020,Gana,18810,22027,1.1710260499734184
940,2021,Gana,12578,19196,1.5261567816823025
941,2022,Gana,35949,49304,1.371498511780578
942,2023,Gana,7237,29473,4.072543871770071
943,2024,Gana,54828,91317,1.665517618734953
945,2010,Gibraltar,0,0,0.0
946,2011,Gibraltar,0,0,0.0
947,2012,Gibraltar,0,0,0.0
948,2013,Gibraltar,0,0,0.0
949,2014,Gibraltar,0,0,0.0
950,2015,Gibraltar,0,0,0.0
951,2016,Gibraltar,0,0,0.0
952,2017,Gibraltar,0,0,0.0
953,2018,Gibraltar,0,0,0.0
954,2019,Gibraltar,23,93,4.043478260869565
955,2020,Gibraltar,769,2860,3.719115734720416
956,2021,Gibraltar,0,0,0.0
957,2022,Gibraltar,0,0,0.0
958,2023,Gibraltar,0,0,0.0
959,2024,Gibraltar,5,13,2.6
961,2010,Granada,0,0,0.0
962,2011,Granada,0,0,0.0
963,2012,Granada,0,0,0.0
964,2013,Granada,0,0,0.0
965,2014,Granada,0,0,0.0
966,2015,Granada,0,0,0.0
967,2016,Granada,0,0,0.0
968,2017,Granada,0,0,0.0
969,2018,Granada,0,0,0.0
970,2019,Granada,0,0,0.0
971,2020,Granada,0,0,0.0
972,2021,Granada,0,0,0.0
973,2022,Granada,5610,7914,1.4106951871657754
974,2023,Granada,0,0,0.0
975,2024,Granada,0,0,0.0
977,2010,Grecia,0,0,0.0
978,2011,Grecia,0,0,0.0
979,2012,Grecia,0,0,0.0
980,2013,Grecia,0,0,0.0
981,2014,Grecia,0,0,0.0
982,2015,Grecia,0,0,0.0
983,2016,Grecia,0,0,0.0
984,2017,Grecia,0,0,0.0
985,2018,Grecia,232,730,3.146551724137931
986,2019,Grecia,561,1994,3.554367201426025
987,2020,Grecia,6859,18092,2.6377022889634056
988,2021,Grecia,908,3014,3.3193832599118944
989,2022,Grecia,920,2426,2.6369565217391306
990,2023,Grecia,1294,3214,2.483771251931994
991,2024,Grecia,617,2051,3.3241491085899515
993,2010,Guatemala,0,0,0.0
994,2011,Guatemala,0,0,0.0
995,2012,Guatemala,0,0,0.0
996,2013,Guatemala,0,0,0.0
997,2014,Guatemala,0,0,0.0
998,2015,Guatemala,0,0,0.0
999,2016,Guatemala,0,0,0.0
1000,2017,Guatemala,0,0,0.0
1001,2018,Guatemala,0,0,0.0
1002,2019,Guatemala,1597,8719,5.459611772072636
1003,2020,Guatemala,0,0,0.0
1004,2021,Guatemala,17347,29100,1.6775234910935608
1005,2022,Guatemala,1283,5350,4.169914263445051
1006,2023,Guatemala,2053,3758,1.8304919629810035
1007,2024,Guatemala,7957,14268,1.7931381173809224
1009,2010,Guiana,783,3654,4.666666666666667
1010,2011,Guiana,0,0,0.0
1011,2012,Guiana,0,0,0.0
1012,2013,Guiana,0,0,0.0
1013,2014,Guiana,0,0,0.0
1014,2015,Guiana,0,0,0.0
1015,2016,Guiana,0,0,0.0
1016,2017,Guiana,0,0,0.0
1017,2018,Guiana,0,0,0.0
1018,2019,Guiana,424,1311,3.0919811320754715
1019,2020,Guiana,990,2577,2.603030303030303
1020,2021,Guiana,2372,6525,2.7508431703204046
1021,2022,Guiana,2064,5823,2.821220930232558
1022,2023,Guiana,33651,88715,2.63632581498321
1023,2024,Guiana,115884,349244,3.013737875806841
1025,2010,Guiana Francesa,0,0,0.0
1026,2011,Guiana Francesa,0,0,0.0
1027,2012,Guiana Francesa,0,0,0.0
1028,2013,Guiana Francesa,0,0,0.0
1029,2014,Guiana Francesa,0,0,0.0
1030,2015,Guiana Francesa,0,0,0.0
1031,2016,Guiana Francesa,0,0,0.0
1032,2017,Guiana Francesa,0,0,0.0
1033,2018,Guiana Francesa,0,0,0.0
1034,2019,Guiana Francesa,0,0,0.0
1035,2020,Guiana Francesa,0,0,0.0
1036,2021,Guiana Francesa,90,32,0.35555555555555557
1037,2022,Guiana Francesa,22,18,0.8181818181818182
1038,2023,Guiana Francesa,0,0,0.0
1039,2024,Guiana Francesa,0,0,0.0
1041,2010,Guine-Bissau,0,0,0.0
1042,2011,Guine-Bissau,0,0,0.0
1043,2012,Guine-Bissau,0,0,0.0
1044,2013,Guine-Bissau,0,0,0.0
1045,2014,Guine-Bissau,0,0,0.0
1046,2015,Guine-Bissau,0,0,0.0
1047,2016,Guine-Bissau,0,0,0.0
1048,2017,Guine-Bissau,48,90,1.875
1049,2018,Guine-Bissau,0,0,0.0
1050,2019,Guine-Bissau,0,0,0.0
1051,2020,Guine-Bissau,0,0,0.0
1052,2021,Guine-Bissau,0,0,0.0
1053,2022,Guine-Bissau,0,0,0.0
1054,2023,Guine-Bissau,0,0,0.0
1055,2024,Guine-Bissau,0,0,0.0
1057,2010,Guine Equatorial,410,1015,2.475609756097561
1058,2011,Guine Equatorial,956,1979,2.0700836820083683
1059,2012,Guine Equatorial,819,2530,3.0891330891330893
1060,2013,Guine Equatorial,1108,5336,4.815884476534296
1061,2014,Guine Equatorial,5646,11983,2.122387530995395
1062,2015,Guine Equatorial,0,0,0.0
1063,2016,Guine Equatorial,0,0,0.0
1064,2017,Guine Equatorial,2639,30563,11.58128078817734
1065,2018,Guine Equatorial,8389,26808,3.1956133031350578
1066,2019,Guine Equatorial,0,0,0.0
1067,2020,Guine Equatorial,0,0,0.0
1068,2021,Guine Equatorial,0,0,0.0
1069,2022,Guine Equatorial,0,0,0.0
1070,2023,Guine Equatorial,0,0,0.0
1071,2024,Guine Equatorial,2250,4279,1.9017777777777778
1073,2010,Haiti,2700,3750,1.3888888888888888
1074,2011,Haiti,0,0,0.0
1075,2012,Haiti,0,0,0.0
1076,2013,Haiti,0,0,0.0
1077,2014,Haiti,0,0,0.0
1078,2015,Haiti,0,0,0.0
1079,2016,Haiti,0,0,0.0
1080,2017,Haiti,0,0,0.0
1081,2018,Haiti,79500,144425,1.8166666666666667
1082,2019,Haiti,81873,129803,1.5854188804612022
1083,2020,Haiti,399128,471152,1.180453388386683
1084,2021,Haiti,670379,831181,1.2398672989458202
1085,2022,Haiti,553503,741014,1.3387714249064595
1086,2023,Haiti,559645,871661,1.557524859509153
1087,2024,Haiti,450690,713158,1.5823692560296434
1089,2010,Honduras,0,0,0.0
1090,2011,Honduras,0,0,0.0
1091,2012,Honduras,0,0,0.0
1092,2013,Honduras,0,0,0.0
1093,2014,Honduras,0,0,0.0
1094,2015,Honduras,0,0,0.0
1095,2016,Honduras,0,0,0.0
1096,2017,Honduras,0,0,0.0
1097,2018,Honduras,0,0,0.0
1098,2019,Honduras,0,0,0.0
1099,2020,Honduras,0,0,0.0
1100,2021,Honduras,0,0,0.0
1101,2022,Honduras,0,0,0.0
1102,2023,Honduras,0,0,0.0
1103,2024,Honduras,0,0,0.0
1105,2010,Hong Kong,0,0,0.0
1106,2011,Hong Kong,2063,7975,3.8657295201163353
1107,2012,Hong Kong,1609,7653,4.756370416407707
1108,2013,Hong Kong,16013,61224,3.8233934927871105
1109,2014,Hong Kong,18130,63534,3.5043574186431328
1110,2015,Hong Kong,1229,7837,6.376729048006509
1111,2016,Hong Kong,6975,86199,12.358279569892472
1112,2017,Hong Kong,1934,8180,4.22957600827301
1113,2018,Hong Kong,1742,9029,5.183122847301952
1114,2019,Hong Kong,9651,42020,4.353952958242669
1115,2020,Hong Kong,15159,41987,2.7697737317765023
1116,2021,Hong Kong,12507,39390,3.1494363156632286
1117,2022,Hong Kong,9371,38218,4.078326752747839
1118,2023,Hong Kong,16255,71025,4.369424792371578
1119,2024,Hong Kong,6696,30490,4.553464755077658
1121,2010,Hungria,540,4103,7.598148148148148
1122,2011,Hungria,0,0,0.0
1123,2012,Hungria,0,0,0.0
1124,2013,Hungria,0,0,0.0
1125,2014,Hungria,0,0,0.0
1126,2015,Hungria,0,0,0.0
1127,2016,Hungria,0,0,0.0
1128,2017,Hungria,0,0,0.0
1129,2018,Hungria,0,0,0.0
1130,2019,Hungria,0,0,0.0
1131,2020,Hungria,0,0,0.0
1132,2021,Hungria,87,583,6.7011494252873565
1133,2022,Hungria,0,0,0.0
1134,2023,Hungria,0,0,0.0
1135,2024,Hungria,14,27,1.9285714285714286
1137,2010,Ilha de Man,0,0,0.0
1138,2011,Ilha de Man,0,0,0.0
1139,2012,Ilha de Man,0,0,0.0
1140,2013,Ilha de Man,0,0,0.0
1141,2014,Ilha de Man,0,0,0.0
1142,2015,Ilha de Man,0,0,0.0
1143,2016,Ilha de Man,0,0,0.0
1144,2017,Ilha de Man,0,0,0.0
1145,2018,Ilha de Man,0,0,0.0
1146,2019,Ilha de Man,28,175,6.25
1147,2020,Ilha de Man,11,121,11.0
1148,2021,Ilha de Man,97,445,4.587628865979381
1149,2022,Ilha de Man,165,641,3.8848484848484848
1150,2023,Ilha de Man,1428,4533,3.1743697478991595
1151,2024,Ilha de Man,124,587,4.733870967741935
1153,2010,Ilhas Virgens,0,0,0.0
1154,2011,Ilhas Virgens,0,0,0.0
1155,2012,Ilhas Virgens,0,0,0.0
1156,2013,Ilhas Virgens,0,0,0.0
1157,2014,Ilhas Virgens,0,0,0.0
1158,2015,Ilhas Virgens,0,0,0.0
1159,2016,Ilhas Virgens,0,0,0.0
1160,2017,Ilhas Virgens,0,0,0.0
1161,2018,Ilhas Virgens,0,0,0.0
1162,2019,Ilhas Virgens,0,0,0.0
1163,2020,Ilhas Virgens,0,0,0.0
1164,2021,Ilhas Virgens,0,0,0.0
1165,2022,Ilhas Virgens,0,0,0.0
1166,2023,Ilhas Virgens,0,0,0.0
1167,2024,Ilhas Virgens,0,0,0.0
1169,2010,India,0,0,0.0
1170,2011,India,0,0,0.0
1171,2012,India,0,0,0.0
1172,2013,India,0,0,0.0
1173,2014,India,0,0,0.0
1174,2015,India,0,0,0.0
1175,2016,India,0,0,0.0
1176,2017,India,0,0,0.0
1177,2018,India,0,0,0.0
1178,2019,India,51,273,5.352941176470588
1179,2020,India,7,10,1.4285714285714286
1180,2021,India,13,86,6.615384615384615
1181,2022,India,247,1021,4.133603238866397
1182,2023,India,60,170,2.8333333333333335
1183,2024,India,0,0,0.0
1185,2010,Indonesia,0,0,0.0
1186,2011,Indonesia,0,0,0.0
1187,2012,Indonesia,0,0,0.0
1188,2013,Indonesia,0,0,0.0
1189,2014,Indonesia,0,0,0.0
1190,2015,Indonesia,0,0,0.0
1191,2016,Indonesia,0,0,0.0
1192,2017,Indonesia,0,0,0.0
1193,2018,Indonesia,0,0,0.0
1194,2019,Indonesia,0,0,0.0
1195,2020,Indonesia,5,6,1.2
1196,2021,Indonesia,0,0,0.0
1197,2022,Indonesia,0,0,0.0
1198,2023,Indonesia,9,30,3.3333333333333335
1199,2024,Indonesia,0,0,0.0
1201,2010,Ira,0,0,0.0
1202,2011,Ira,0,0,0.0
1203,2012,Ira,0,0,0.0
1204,2013,Ira,0,0,0.0
1205,2014,Ira,0,0,0.0
1206,2015,Ira,0,0,0.0
1207,2016,Ira,0,0,0.0
1208,2017,Ira,0,0,0.0
1209,2018,Ira,0,0,0.0
1210,2019,Ira,0,0,0.0
1211,2020,Ira,21,35,1.6666666666666667
1212,2021,Ira,116,287,2.4741379310344827
1213,2022,Ira,47,90,1.9148936170212767
1214,2023,Ira,0,0,0.0
1215,2024,Ira,0,0,0.0
1217,2010,Iraque,0,0,0.0
1218,2011,Iraque,0,0,0.0
1219,2012,Iraque,0,0,0.0
1220,2013,Iraque,0,0,0.0
1221,2014,Iraque,0,0,0.0
1222,2015,Iraque,0,0,0.0
1223,2016,Iraque,0,0,0.0
1224,2017,Iraque,0,0,0.0
1225,2018,Iraque,0,0,0.0
1226,2019,Iraque,0,0,0.0
1227,2020,Iraque,0,0,0.0
1228,2021,Iraque,0,0,0.0
1229,2022,Iraque,0,0,0.0
1230,2023,Iraque,0,0,0.0
1231,2024,Iraque,0,0,0.0
1233,2010,Irlanda,3969,42795,10.782312925170068
1234,2011,Irlanda,5376,35690,6.638764880952381
1235,2012,Irlanda,0,0,0.0
1236,2013,Irlanda,0,0,0.0
1237,2014,Irlanda,0,0,0.0
1238,2015,Irlanda,0,0,0.0
1239,2016,Irlanda,0,0,0.0
1240,2017,Irlanda,0,0,0.0
1241,2018,Irlanda,7560,25767,3.408333333333333
1242,2019,Irlanda,0,0,0.0
1243,2020,Irlanda,29,257,8.862068965517242
1244,2021,Irlanda,36,208,5.777777777777778
1245,2022,Irlanda,0,0,0.0
1246,2023,Irlanda,150,377,2.513333333333333
1247,2024,Irlanda,32,132,4.125
1249,2010,Italia,1458,4828,3.3113854595336076
1250,2011,Italia,11999,80298,6.6920576714726225
1251,2012,Italia,792,5622,7.098484848484849
1252,2013,Italia,1710,11967,6.9982456140350875
1253,2014,Italia,604,2492,4.125827814569536
1254,2015,Italia,0,0,0.0
1255,2016,Italia,585,3465,5.923076923076923
1256,2017,Italia,468,2248,4.803418803418803
1257,2018,Italia,3661,13260,3.6219612127833924
1258,2019,Italia,587,1625,2.7683134582623508
1259,2020,Italia,91,376,4.131868131868132
1260,2021,Italia,696,3715,5.337643678160919
1261,2022,Italia,1129,6151,5.448184233835253
1262,2023,Italia,2922,27665,9.467830253251197
1263,2024,Italia,2431,11642,4.788975730152201
1265,2010,Jamaica,0,0,0.0
1266,2011,Jamaica,0,0,0.0
1267,2012,Jamaica,0,0,0.0
1268,2013,Jamaica,0,0,0.0
1269,2014,Jamaica,0,0,0.0
1270,2015,Jamaica,0,0,0.0
1271,2016,Jamaica,0,0,0.0
1272,2017,Jamaica,0,0,0.0
1273,2018,Jamaica,0,0,0.0
1274,2019,Jamaica,0,0,0.0
1275,2020,Jamaica,0,0,0.0
1276,2021,Jamaica,0,0,0.0
1277,2022,Jamaica,0,0,0.0
1278,2023,Jamaica,0,0,0.0
1279,2024,Jamaica,0,0,0.0
1281,2010,Japao,112178,74628,0.6652641337873736
1282,2011,Japao,100835,144662,1.4346407497396738
1283,2012,Japao,29281,116961,3.994433250230525
1284,2013,Japao,91988,429088,4.664608427186154
1285,2014,Japao,106426,401774,3.7751489297728
1286,2015,Japao,31597,87853,2.7804221919802514
1287,2016,Japao,34341,90954,2.648554206342273
1288,2017,Japao,33909,92886,2.739272759444395
1289,2018,Japao,36992,112342,3.036926903114187
1290,2019,Japao,40621,99642,2.45296767681741
1291,2020,Japao,36442,92674,2.5430547170846824
1292,2021,Japao,39491,90275,2.285963890506698
1293,2022,Japao,37324,82208,2.202550637659415
1294,2023,Japao,22942,57780,2.5185249760265016
1295,2024,Japao,29320,66956,2.2836289222373805
1297,2010,Jordania,0,0,0.0
1298,2011,Jordania,0,0,0.0
1299,2012,Jordania,0,0,0.0
1300,2013,Jordania,0,0,0.0
1301,2014,Jordania,0,0,0.0
1302,2015,Jordania,0,0,0.0
1303,2016,Jordania,0,0,0.0
1304,2017,Jordania,0,0,0.0
1305,2018,Jordania,0,0,0.0
1306,2019,Jordania,0,0,0.0
1307,2020,Jordania,12,52,4.333333333333333
1308,2021,Jordania,0,0,0.0
1309,2022,Jordania,0,0,0.0
1310,2023,Jordania,0,0,0.0
1311,2024,Jordania,0,0,0.0
1313,2010,Letonia,0,0,0.0
1314,2011,Letonia,0,0,0.0
1315,2012,Letonia,0,0,0.0
1316,2013,Letonia,0,0,0.0
1317,2014,Letonia,0,0,0.0
1318,2015,Letonia,0,0,0.0
1319,2016,Letonia,0,0,0.0
1320,2017,Letonia,387,3723,9.62015503875969
1321,2018,Letonia,0,0,0.0
1322,2019,Letonia,0,0,0.0
1323,2020,Letonia,0,0,0.0
1324,2021,Letonia,0,0,0.0
1325,2022,Letonia,0,0,0.0
1326,2023,Letonia,8,8,1.0
1327,2024,Letonia,33273,144229,4.334715835662549
1329,2010,Libano,0,0,0.0
1330,2011,Libano,0,0,0.0
1331,2012,Libano,0,0,0.0
1332,2013,Libano,0,0,0.0
1333,2014,Libano,0,0,0.0
1334,2015,Libano,0,0,0.0
1335,2016,Libano,0,0,0.0
1336,2017,Libano,0,0,0.0
1337,2018,Libano,0,0,0.0
1338,2019,Libano,0,0,0.0
1339,2020,Libano,0,0,0.0
1340,2021,Libano,0,0,0.0
1341,2022,Libano,0,0,0.0
1342,2023,Libano,0,0,0.0
1343,2024,Libano,0,0,0.0
1345,2010,Liberia,0,0,0.0
1346,2011,Liberia,0,0,0.0
1347,2012,Liberia,0,0,0.0
1348,2013,Liberia,0,0,0.0
1349,2014,Liberia,0,0,0.0
1350,2015,Liberia,0,0,0.0
1351,2016,Liberia,0,0,0.0
1352,2017,Liberia,0,0,0.0
1353,2018,Liberia,658,3100,4.711246200607903
1354,2019,Liberia,4441,20068,4.518802071605494
1355,2020,Liberia,5155,17624,3.4188166828322015
1356,2021,Liberia,7554,23060,3.0526873179772305
1357,2022,Liberia,9145,34815,3.8069983597594312
1358,2023,Liberia,39784,42463,1.0673386285944098
1359,2024,Liberia,12024,38576,3.2082501663339986
1361,2010,Luxemburgo,7344,32549,4.432053376906318
1362,2011,Luxemburgo,9547,65592,6.870430501728292
1363,2012,Luxemburgo,2444,16547,6.7704582651391165
1364,2013,Luxemburgo,5135,29474,5.7398247322297955
1365,2014,Luxemburgo,8281,52400,6.327738195870064
1366,2015,Luxemburgo,2295,17358,7.563398692810457
1367,2016,Luxemburgo,2759,21426,7.765857194635737
1368,2017,Luxemburgo,2719,21947,8.071717543214417
1369,2018,Luxemburgo,1778,11053,6.216535433070866
1370,2019,Luxemburgo,1666,11211,6.729291716686674
1371,2020,Luxemburgo,1086,5110,4.705340699815838
1372,2021,Luxemburgo,0,0,0.0
1373,2022,Luxemburgo,36,802,22.27777777777778
1374,2023,Luxemburgo,581,7048,12.130808950086058
1375,2024,Luxemburgo,72,832,11.555555555555555
1377,2010,Macau,0,0,0.0
1378,2011,Macau,0,0,0.0
1379,2012,Macau,0,0,0.0
1380,2013,Macau,0,0,0.0
1381,2014,Macau,0,0,0.0
1382,2015,Macau,0,0,0.0
1383,2016,Macau,0,0,0.0
1384,2017,Macau,0,0,0.0
1385,2018,Macau,0,0,0.0
1386,2019,Macau,0,0,0.0
1387,2020,Macau,0,0,0.0
1388,2021,Macau,0,0,0.0
1389,2022,Macau,0,0,0.0
1390,2023,Macau,7,6,0.8571428571428571
1391,2024,Macau,0,0,0.0
1393,2010,Malasia,0,0,0.0
1394,2011,Malasia,0,0,0.0
1395,2012,Malasia,0,0,0.0
1396,2013,Malasia,0,0,0.0
1397,2014,Malasia,0,0,0.0
1398,2015,Malasia,0,0,0.0
1399,2016,Malasia,0,0,0.0
1400,2017,Malasia,0,0,0.0
1401,2018,Malasia,15,33,2.2
1402,2019,Malasia,48,110,2.2916666666666665
1403,2020,Malasia,0,0,0.0
1404,2021,Malasia,0,0,0.0
1405,2022,Malasia,0,0,0.0
1406,2023,Malasia,0,0,0.0
1407,2024,Malasia,0,0,0.0
1409,2010,Malavi,0,0,0.0
1410,2011,Malavi,0,0,0.0
1411,2012,Malavi,0,0,0.0
1412,2013,Malavi,0,0,0.0
1413,2014,Malavi,0,0,0.0
1414,2015,Malavi,0,0,0.0
1415,2016,Malavi,0,0,0.0
1416,2017,Malavi,0,0,0.0
1417,2018,Malavi,0,0,0.0
1418,2019,Malavi,0,0,0.0
1419,2020,Malavi,0,0,0.0
1420,2021,Malavi,0,0,0.0
1421,2022,Malavi,0,0,0.0
1422,2023,Malavi,3660,6252,1.7081967213114755
1423,2024,Malavi,0,0,0.0
1425,2010,Malta,0,0,0.0
1426,2011,Malta,0,0,0.0
1427,2012,Malta,0,0,0.0
1428,2013,Malta,0,0,0.0
1429,2014,Malta,0,0,0.0
1430,2015,Malta,0,0,0.0
1431,2016,Malta,0,0,0.0
1432,2017,Malta,0,0,0.0
1433,2018,Malta,503,1192,2.3697813121272366
1434,2019,Malta,3661,8828,2.4113630155695165
1435,2020,Malta,3490,9688,2.7759312320916907
1436,2021,Malta,3441,15454,4.491136297587911
1437,2022,Malta,3127,15587,4.984649824112568
1438,2023,Malta,6561,24199,3.6883097088858405
1439,2024,Malta,6302,16586,2.631862900666455
1441,2010,Ilhas Marshall,0,0,0.0
1442,2011,Ilhas Marshall,0,0,0.0
1443,2012,Ilhas Marshall,0,0,0.0
1444,2013,Ilhas Marshall,0,0,0.0
1445,2014,Ilhas Marshall,0,0,0.0
1446,2015,Ilhas Marshall,0,0,0.0
1447,2016,Ilhas Marshall,0,0,0.0
1448,2017,Ilhas Marshall,0,0,0.0
1449,2018,Ilhas Marshall,923,2436,2.639219934994583
1450,2019,Ilhas Marshall,7276,15786,2.1695986805937326
1451,2020,Ilhas Marshall,6270,19639,3.1322169059011165
1452,2021,Ilhas Marshall,8644,22561,2.610018509949098
1453,2022,Ilhas Marshall,7240,27178,3.753867403314917
1454,2023,Ilhas Marshall,7417,31691,4.272751786436564
1455,2024,Ilhas Marshall,5628,23195,4.12135749822317
1457,2010,Martinica,0,0,0.0
1458,2011,Martinica,0,0,0.0
1459,2012,Martinica,0,0,0.0
1460,2013,Martinica,0,0,0.0
1461,2014,Martinica,0,0,0.0
1462,2015,Martinica,0,0,0.0
1463,2016,Martinica,0,0,0.0
1464,2017,Martinica,0,0,0.0
1465,2018,Martinica,0,0,0.0
1466,2019,Martinica,0,0,0.0
1467,2020,Martinica,0,0,0.0
1468,2021,Martinica,0,0,0.0
1469,2022,Martinica,0,0,0.0
1470,2023,Martinica,9,31,3.4444444444444446
1471,2024,Martinica,0,0,0.0
1473,2010,Mauritania,0,0,0.0
1474,2011,Mauritania,0,0,0.0
1475,2012,Mauritania,0,0,0.0
1476,2013,Mauritania,0,0,0.0
1477,2014,Mauritania,0,0,0.0
1478,2015,Mauritania,0,0,0.0
1479,2016,Mauritania,0,0,0.0
1480,2017,Mauritania,0,0,0.0
1481,2018,Mauritania,0,0,0.0
1482,2019,Mauritania,0,0,0.0
1483,2020,Mauritania,0,0,0.0
1484,2021,Mauritania,9,85,9.444444444444445
1485,2022,Mauritania,0,0,0.0
1486,2023,Mauritania,0,0,0.0
1487,2024,Mauritania,0,0,0.0
1489,2010,Mexico,0,0,0.0
1490,2011,Mexico,1350,7200,5.333333333333333
1491,2012,Mexico,0,0,0.0
1492,2013,Mexico,0,0,0.0
1493,2014,Mexico,1521,24336,16.0
1494,2015,Mexico,0,0,0.0
1495,2016,Mexico,0,0,0.0
1496,2017,Mexico,664,2292,3.4518072289156625
1497,2018,Mexico,2748,9744,3.5458515283842793
1498,2019,Mexico,4,4,1.0
1499,2020,Mexico,24,226,9.416666666666666
1500,2021,Mexico,9,2,0.2222222222222222
1501,2022,Mexico,6,33,5.5
1502,2023,Mexico,3,19,6.333333333333333
1503,2024,Mexico,2277,7938,3.486166007905138
1505,2010,Mocambique,0,0,0.0
1506,2011,Mocambique,0,0,0.0
1507,2012,Mocambique,0,0,0.0
1508,2013,Mocambique,0,0,0.0
1509,2014,Mocambique,0,0,0.0
1510,2015,Mocambique,0,0,0.0
1511,2016,Mocambique,0,0,0.0
1512,2017,Mocambique,0,0,0.0
1513,2018,Mocambique,0,0,0.0
1514,2019,Mocambique,0,0,0.0
1515,2020,Mocambique,0,0,0.0
1516,2021,Mocambique,0,0,0.0
1517,2022,Mocambique,383,1927,5.031331592689295
1518,2023,Mocambique,0,0,0.0
1519,2024,Mocambique,0,0,0.0
1521,2010,Montenegro,0,0,0.0
1522,2011,Montenegro,0,0,0.0
1523,2012,Montenegro,0,0,0.0
1524,2013,Montenegro,0,0,0.0
1525,2014,Montenegro,0,0,0.0
1526,2015,Montenegro,0,0,0.0
1527,2016,Montenegro,0,0,0.0
1528,2017,Montenegro,0,0,0.0
1529,2018,Montenegro,0,0,0.0
1530,2019,Montenegro,9,46,5.111111111111111
1531,2020,Montenegro,9,20,2.2222222222222223
1532,2021,Montenegro,14,65,4.642857142857143
1533,2022,Montenegro,0,0,0.0
1534,2023,Montenegro,0,0,0.0
1535,2024,Montenegro,0,0,0.0
1537,2010,Namibia,0,0,0.0
1538,2011,Namibia,0,0,0.0
1539,2012,Namibia,0,0,0.0
1540,2013,Namibia,0,0,0.0
1541,2014,Namibia,0,0,0.0
1542,2015,Namibia,0,0,0.0
1543,2016,Namibia,0,0,0.0
1544,2017,Namibia,0,0,0.0
1545,2018,Namibia,0,0,0.0
1546,2019,Namibia,0,0,0.0
1547,2020,Namibia,0,0,0.0
1548,2021,Namibia,0,0,0.0
1549,2022,Namibia,0,0,0.0
1550,2023,Namibia,0,0,0.0
1551,2024,Namibia,0,0,0.0
1553,2010,Nicaragua,0,0,0.0
1554,2011,Nicaragua,0,0,0.0
1555,2012,Nicaragua,0,0,0.0
1556,2013,Nicaragua,0,0,0.0
1557,2014,Nicaragua,0,0,0.0
1558,2015,Nicaragua,0,0,0.0
1559,2016,Nicaragua,0,0,0.0
1560,2017,Nicaragua,0,0,0.0
1561,2018,Nicaragua,0,0,0.0
1562,2019,Nicaragua,0,0,0.0
1563,2020,Nicaragua,0,0,0.0
1564,2021,Nicaragua,0,0,0.0
1565,2022,Nicaragua,0,0,0.0
1566,2023,Nicaragua,0,0,0.0
1567,2024,Nicaragua,0,0,0.0
1569,2010,Nigeria,0,0,0.0
1570,2011,Nigeria,54,210,3.888888888888889
1571,2012,Nigeria,6449,10196,1.5810203132268568
1572,2013,Nigeria,1350,2245,1.662962962962963
1573,2014,Nigeria,0,0,0.0
1574,2015,Nigeria,0,0,0.0
1575,2016,Nigeria,0,0,0.0
1576,2017,Nigeria,0,0,0.0
1577,2018,Nigeria,5175,6250,1.2077294685990339
1578,2019,Nigeria,28437,38555,1.355804058093329
1579,2020,Nigeria,12094,26514,2.192326773606747
1580,2021,Nigeria,68247,113172,1.6582706932172844
1581,2022,Nigeria,32234,50283,1.5599367127877397
1582,2023,Nigeria,10800,16464,1.5244444444444445
1583,2024,Nigeria,808,2052,2.5396039603960396
1585,2010,Noruega,0,0,0.0
1586,2011,Noruega,10268,78688,7.663420335021426
1587,2012,Noruega,5104,31515,6.174568965517241
1588,2013,Noruega,2375,19008,8.003368421052631
1589,2014,Noruega,7179,50464,7.02939128012258
1590,2015,Noruega,1058,6021,5.690926275992439
1591,2016,Noruega,0,0,0.0
1592,2017,Noruega,0,0,0.0
1593,2018,Noruega,1295,9847,7.603861003861004
1594,2019,Noruega,628,3139,4.998407643312102
1595,2020,Noruega,1859,15134,8.140935987089833
1596,2021,Noruega,1878,8320,4.43024494142705
1597,2022,Noruega,2711,40316,14.871265215787533
1598,2023,Noruega,861,4243,4.9279907084785135
1599,2024,Noruega,309,2185,7.0711974110032365
1601,2010,Nova Caledonia,0,0,0.0
1602,2011,Nova Caledonia,0,0,0.0
1603,2012,Nova Caledonia,0,0,0.0
1604,2013,Nova Caledonia,0,0,0.0
1605,2014,Nova Caledonia,0,0,0.0
1606,2015,Nova Caledonia,0,0,0.0
1607,2016,Nova Caledonia,0,0,0.0
1608,2017,Nova Caledonia,0,0,0.0
1609,2018,Nova Caledonia,0,0,0.0
1610,2019,Nova Caledonia,0,0,0.0
1611,2020,Nova Caledonia,0,0,0.0
1612,2021,Nova Caledonia,7227,11924,1.6499238964992389
1613,2022,Nova Caledonia,0,0,0.0
1614,2023,Nova Caledonia,0,0,0.0
1615,2024,Nova Caledonia,0,0,0.0
1617,2010,Nova Zelandia,0,0,0.0
1618,2011,Nova Zelandia,2587,7992,3.0892926169308077
1619,2012,Nova Zelandia,2364,8817,3.729695431472081
1620,2013,Nova Zelandia,1004,4092,4.075697211155378
1621,2014,Nova Zelandia,2800,13675,4.883928571428571
1622,2015,Nova Zelandia,809,3476,4.296662546353523
1623,2016,Nova Zelandia,504,9472,18.793650793650794
1624,2017,Nova Zelandia,1678,8140,4.851013110846245
1625,2018,Nova Zelandia,969,5565,5.743034055727554
1626,2019,Nova Zelandia,500,2832,5.664
1627,2020,Nova Zelandia,95,515,5.421052631578948
1628,2021,Nova Zelandia,657,10477,15.946727549467276
1629,2022,Nova Zelandia,63,156,2.4761904761904763
1630,2023,Nova Zelandia,338,7177,21.233727810650887
1631,2024,Nova Zelandia,0,0,0.0
1633,2010,Oma,0,0,0.0
1634,2011,Oma,0,0,0.0
1635,2012,Oma,0,0,0.0
1636,2013,Oma,0,0,0.0
1637,2014,Oma,0,0,0.0
1638,2015,Oma,0,0,0.0
1639,2016,Oma,0,0,0.0
1640,2017,Oma,0,0,0.0
1641,2018,Oma,0,0,0.0
1642,2019,Oma,0,0,0.0
1643,2020,Oma,0,0,0.0
1644,2021,Oma,0,0,0.0
1645,2022,Oma,194,670,3.4536082474226806
1646,2023,Oma,0,0,0.0
1647,2024,Oma,0,0,0.0
1649,2010,Holanda,87368,302182,3.458726307114733
1650,2011,Holanda,125414,395356,3.152407227263304
1651,2012,Holanda,134879,539641,4.000926756574411
1652,2013,Holanda,57792,255690,4.4243147840531565
1653,2014,Holanda,165289,773767,4.681297606011289
1654,2015,Holanda,44987,186464,4.1448418431991465
1655,2016,Holanda,42953,190203,4.428165669452658
1656,2017,Holanda,0,0,0.0
1657,2018,Holanda,9451,32395,3.4276796106232146
1658,2019,Holanda,44882,148031,3.2982264604964127
1659,2020,Holanda,248,1532,6.17741935483871
1660,2021,Holanda,3791,8484,2.23793194407808
1661,2022,Holanda,7034,37240,5.294284901905033
1662,2023,Holanda,2244,4958,2.2094474153297683
1663,2024,Holanda,3074,22785,7.412166558230319
1665,2010,Palau,0,0,0.0
1666,2011,Palau,0,0,0.0
1667,2012,Palau,0,0,0.0
1668,2013,Palau,0,0,0.0
1669,2014,Palau,0,0,0.0
1670,2015,Palau,0,0,0.0
1671,2016,Palau,0,0,0.0
1672,2017,Palau,0,0,0.0
1673,2018,Palau,0,0,0.0
1674,2019,Palau,0,0,0.0
1675,2020,Palau,0,0,0.0
1676,2021,Palau,0,0,0.0
1677,2022,Palau,0,0,0.0
1678,2023,Palau,45,143,3.1777777777777776
1679,2024,Palau,30,320,10.666666666666666
1681,2010,Panama,0,0,0.0
1682,2011,Panama,0,0,0.0
1683,2012,Panama,39,2262,58.0
1684,2013,Panama,0,0,0.0
1685,2014,Panama,0,0,0.0
1686,2015,Panama,0,0,0.0
1687,2016,Panama,0,0,0.0
1688,2017,Panama,0,0,0.0
1689,2018,Panama,1183,3117,2.6348267117497888
1690,2019,Panama,7918,29017,3.6646880525385197
1691,2020,Panama,10821,28372,2.621938822659643
1692,2021,Panama,29520,48444,1.6410569105691057
1693,2022,Panama,11490,49392,4.298694516971279
1694,2023,Panama,14785,68173,4.610957051065268
1695,2024,Panama,121432,97549,0.8033220238487384
1697,2010,Paraguai,510989,449197,0.8790737178295424
1698,2011,Paraguai,240168,276281,1.150365577429133
1699,2012,Paraguai,354824,428279,1.2070181272969134
1700,2013,Paraguai,481564,680828,1.413785083602595
1701,2014,Paraguai,521847,908028,1.7400272493661935
1702,2015,Paraguai,495428,741370,1.4964232946058762
1703,2016,Paraguai,985739,1655417,1.6793664448702952
1704,2017,Paraguai,2393468,4274650,1.7859649679878737
1705,2018,Paraguai,3234168,5494321,1.6988359912039201
1706,2019,Paraguai,2419537,3826587,1.5815368808164538
1707,2020,Paraguai,3299013,3869243,1.1728486671619662
1708,2021,Paraguai,6522527,7192362,1.1026956270169521
1709,2022,Paraguai,5076670,7156293,1.4096431322106815
1710,2023,Paraguai,3780378,5517263,1.4594474414992362
1711,2024,Paraguai,3705268,5121857,1.3823175543577415
1713,2010,Peru,0,0,0.0
1714,2011,Peru,0,0,0.0
1715,2012,Peru,0,0,0.0
1716,2013,Peru,0,0,0.0
1717,2014,Peru,0,0,0.0
1718,2015,Peru,0,0,0.0
1719,2016,Peru,0,0,0.0
1720,2017,Peru,0,0,0.0
1721,2018,Peru,5193,19372,3.7304063161948777
1722,2019,Peru,9755,17310,1.7744746283956945
1723,2020,Peru,0,0,0.0
1724,2021,Peru,9720,17107,1.7599794238683129
1725,2022,Peru,0,0,0.0
1726,2023,Peru,47277,84282,1.7827273304143665
1727,2024,Peru,0,0,0.0
1729,2010,Pitcairn,0,0,0.0
1730,2011,Pitcairn,0,0,0.0
1731,2012,Pitcairn,0,0,0.0
1732,2013,Pitcairn,0,0,0.0
1733,2014,Pitcairn,0,0,0.0
1734,2015,Pitcairn,0,0,0.0
1735,2016,Pitcairn,0,0,0.0
1736,2017,Pitcairn,0,0,0.0
1737,2018,Pitcairn,0,0,0.0
1738,2019,Pitcairn,0,0,0.0
1739,2020,Pitcairn,0,0,0.0
1740,2021,Pitcairn,0,0,0.0
1741,2022,Pitcairn,0,0,0.0
1742,2023,Pitcairn,11,22,2.0
1743,2024,Pitcairn,0,0,0.0
1745,2010,Polonia,20464,95198,4.651974198592651
1746,2011,Polonia,11732,50684,4.320150017047392
1747,2012,Polonia,21663,89158,4.1156811152656605
1748,2013,Polonia,19249,90960,4.725440282612084
1749,2014,Polonia,30181,107957,3.576985520691826
1750,2015,Polonia,11654,42781,3.6709284365882957
1751,2016,Polonia,11457,35402,3.0899886532251024
1752,2017,Polonia,0,0,0.0
1753,2018,Polonia,720,4679,6.498611111111111
1754,2019,Polonia,5,11,2.2
1755,2020,Polonia,74,86,1.162162162162162
1756,2021,Polonia,4,14,3.5
1757,2022,Polonia,0,0,0.0
1758,2023,Polonia,298,590,1.9798657718120805
1759,2024,Polonia,0,0,0.0
1761,2010,Porto Rico,0,0,0.0
1762,2011,Porto Rico,0,0,0.0
1763,2012,Porto Rico,0,0,0.0
1764,2013,Porto Rico,0,0,0.0
1765,2014,Porto Rico,0,0,0.0
1766,2015,Porto Rico,0,0,0.0
1767,2016,Porto Rico,0,0,0.0
1768,2017,Porto Rico,0,0,0.0
1769,2018,Porto Rico,0,0,0.0
1770,2019,Porto Rico,0,0,0.0
1771,2020,Porto Rico,0,0,0.0
1772,2021,Porto Rico,0,0,0.0
1773,2022,Porto Rico,0,0,0.0
1774,2023,Porto Rico,0,0,0.0
1775,2024,Porto Rico,0,0,0.0
1777,2010,Portugal,4577,18970,4.144636224601268
1778,2011,Portugal,95,1031,10.852631578947369
1779,2012,Portugal,47172,47022,0.9968201475451539
1780,2013,Portugal,23810,17627,0.7403191936161276
1781,2014,Portugal,71544,79141,1.1061864027731187
1782,2015,Portugal,47736,42586,0.8921149656443774
1783,2016,Portugal,0,0,0.0
1784,2017,Portugal,0,0,0.0
1785,2018,Portugal,0,0,0.0
1786,2019,Portugal,18328,72413,3.9509493670886076
1787,2020,Portugal,7958,34518,4.337521990449861
1788,2021,Portugal,6358,42633,6.705410506448569
1789,2022,Portugal,1918,7613,3.9692387904066737
1790,2023,Portugal,13742,46311,3.3700334740212488
1791,2024,Portugal,26340,50923,1.9332953682611997
1793,2010,Quenia,0,0,0.0
1794,2011,Quenia,0,0,0.0
1795,2012,Quenia,94,458,4.872340425531915
1796,2013,Quenia,6,4,0.6666666666666666
1797,2014,Quenia,0,0,0.0
1798,2015,Quenia,0,0,0.0
1799,2016,Quenia,0,0,0.0
1800,2017,Quenia,0,0,0.0
1801,2018,Quenia,6771,31225,4.611578791906661
1802,2019,Quenia,0,0,0.0
1803,2020,Quenia,0,0,0.0
1804,2021,Quenia,0,0,0.0
1805,2022,Quenia,1440,2080,1.4444444444444444
1806,2023,Quenia,0,0,0.0
1807,2024,Quenia,0,0,0.0
1809,2010,Reino Unido,123624,295690,2.3918494790655536
1810,2011,Reino Unido,122629,285642,2.329318513565307
1811,2012,Reino Unido,82937,334856,4.037474227425636
1812,2013,Reino Unido,59161,305005,5.155507851456195
1813,2014,Reino Unido,305807,1373747,4.492202598370868
1814,2015,Reino Unido,68382,308407,4.510061127197216
1815,2016,Reino Unido,117044,536681,4.585292710433683
1816,2017,Reino Unido,60711,242883,4.000642387705688
1817,2018,Reino Unido,67708,296827,4.383928043953447
1818,2019,Reino Unido,34295,164592,4.799300189532001
1819,2020,Reino Unido,22913,82722,3.610264915113691
1820,2021,Reino Unido,25316,122394,4.834650023700426
1821,2022,Reino Unido,18835,138154,7.334961507831165
1822,2023,Reino Unido,11326,84547,7.464859615045029
1823,2024,Reino Unido,14780,106713,7.220094722598105
1825,2010,Republica Dominicana,0,0,0.0
1826,2011,Republica Dominicana,0,0,0.0
1827,2012,Republica Dominicana,0,0,0.0
1828,2013,Republica Dominicana,0,0,0.0
1829,2014,Republica Dominicana,0,0,0.0
1830,2015,Republica Dominicana,0,0,0.0
1831,2016,Republica Dominicana,0,0,0.0
1832,2017,Republica Dominicana,0,0,0.0
1833,2018,Republica Dominicana,0,0,0.0
1834,2019,Republica Dominicana,0,0,0.0
1835,2020,Republica Dominicana,0,0,0.0
1836,2021,Republica Dominicana,0,0,0.0
1837,2022,Republica Dominicana,0,0,0.0
1838,2023,Republica Dominicana,0,0,0.0
1839,2024,Republica Dominicana,0,0,0.0
1841,2010,Russia,0,0,0.0
1842,2011,Russia,0,0,0.0
1843,2012,Russia,4528176,2103968,0.46463918363597173
1844,2013,Russia,5893291,14795694,2.5105995953703966
1845,2014,Russia,190656,61440,0.32225579053373615
1846,2015,Russia,47664,18240,0.3826787512588117
1847,2016,Russia,0,0,0.0
1848,2017,Russia,0,0,0.0
1849,2018,Russia,0,0,0.0
1850,2019,Russia,0,0,0.0
1851,2020,Russia,1463,8550,5.8441558441558445
1852,2021,Russia,181931,312926,1.7200257240382342
1853,2022,Russia,66046,118618,1.7959906731671864
1854,2023,Russia,0,0,0.0
1855,2024,Russia,56,338,6.035714285714286
1857,2010,Sao Cristovao e Nevis,0,0,0.0
1858,2011,Sao Cristovao e Nevis,0,0,0.0
1859,2012,Sao Cristovao e Nevis,0,0,0.0
1860,2013,Sao Cristovao e Nevis,0,0,0.0
1861,2014,Sao Cristovao e Nevis,0,0,0.0
1862,2015,Sao Cristovao e Nevis,0,0,0.0
1863,2016,Sao Cristovao e Nevis,0,0,0.0
1864,2017,Sao Cristovao e Nevis,0,0,0.0
1865,2018,Sao Cristovao e Nevis,0,0,0.0
1866,2019,Sao Cristovao e Nevis,0,0,0.0
1867,2020,Sao Cristovao e Nevis,0,0,0.0
1868,2021,Sao Cristovao e Nevis,0,0,0.0
1869,2022,Sao Cristovao e Nevis,0,0,0.0
1870,2023,Sao Cristovao e Nevis,16,31,1.9375
1871,2024,Sao Cristovao e Nevis,0,0,0.0
1873,2010,Sao Tome e Principe,0,0,0.0
1874,2011,Sao Tome e Principe,0,0,0.0
1875,2012,Sao Tome e Principe,0,0,0.0
1876,2013,Sao Tome e Principe,0,0,0.0
1877,2014,Sao Tome e Principe,0,0,0.0
1878,2015,Sao Tome e Principe,0,0,0.0
1879,2016,Sao Tome e Principe,0,0,0.0
1880,2017,Sao Tome e Principe,0,0,0.0
1881,2018,Sao Tome e Principe,2184,2357,1.0792124542124542
1882,2019,Sao Tome e Principe,0,0,0.0
1883,2020,Sao Tome e Principe,0,0,0.0
1884,2021,Sao Tome e Principe,0,0,0.0
1885,2022,Sao Tome e Principe,0,0,0.0
1886,2023,Sao Tome e Principe,0,0,0.0
1887,2024,Sao Tome e Principe,0,0,0.0
1889,2010,Sao Vicente e Granadinas,0,0,0.0
1890,2011,Sao Vicente e Granadinas,0,0,0.0
1891,2012,Sao Vicente e Granadinas,0,0,0.0
1892,2013,Sao Vicente e Granadinas,0,0,0.0
1893,2014,Sao Vicente e Granadinas,0,0,0.0
1894,2015,Sao Vicente e Granadinas,0,0,0.0
1895,2016,Sao Vicente e Granadinas,0,0,0.0
1896,2017,Sao Vicente e Granadinas,0,0,0.0
1897,2018,Sao Vicente e Granadinas,0,0,0.0
1898,2019,Sao Vicente e Granadinas,0,0,0.0
1899,2020,Sao Vicente e Granadinas,0,0,0.0
1900,2021,Sao Vicente e Granadinas,8,48,6.0
1901,2022,Sao Vicente e Granadinas,20,51,2.55
1902,2023,Sao Vicente e Granadinas,39,139,3.5641025641025643
1903,2024,Sao Vicente e Granadinas,0,0,0.0
1905,2010,Senegal,0,0,0.0
1906,2011,Senegal,0,0,0.0
1907,2012,Senegal,0,0,0.0
1908,2013,Senegal,0,0,0.0
1909,2014,Senegal,0,0,0.0
1910,2015,Senegal,0,0,0.0
1911,2016,Senegal,0,0,0.0
1912,2017,Senegal,0,0,0.0
1913,2018,Senegal,0,0,0.0
1914,2019,Senegal,0,0,0.0
1915,2020,Senegal,0,0,0.0
1916,2021,Senegal,0,0,0.0
1917,2022,Senegal,0,0,0.0
1918,2023,Senegal,0,0,0.0
1919,2024,Senegal,0,0,0.0
1921,2010,Serra Leoa,0,0,0.0
1922,2011,Serra Leoa,0,0,0.0
1923,2012,Serra Leoa,0,0,0.0
1924,2013,Serra Leoa,0,0,0.0
1925,2014,Serra Leoa,0,0,0.0
1926,2015,Serra Leoa,0,0,0.0
1927,2016,Serra Leoa,0,0,0.0
1928,2017,Serra Leoa,0,0,0.0
1929,2018,Serra Leoa,0,0,0.0
1930,2019,Serra Leoa,18,717,39.833333333333336
1931,2020,Serra Leoa,9240,13050,1.4123376623376624
1932,2021,Serra Leoa,6525,12955,1.9854406130268198
1933,2022,Serra Leoa,8101,15182,1.8740896185656093
1934,2023,Serra Leoa,23200,38548,1.661551724137931
1935,2024,Serra Leoa,36608,68151,1.861642263986014
1937,2010,Servia,0,0,0.0
1938,2011,Servia,0,0,0.0
1939,2012,Servia,0,0,0.0
1940,2013,Servia,0,0,0.0
1941,2014,Servia,0,0,0.0
1942,2015,Servia,0,0,0.0
1943,2016,Servia,0,0,0.0
1944,2017,Servia,0,0,0.0
1945,2018,Servia,0,0,0.0
1946,2019,Servia,0,0,0.0
1947,2020,Servia,0,0,0.0
1948,2021,Servia,0,0,0.0
1949,2022,Servia,0,0,0.0
1950,2023,Servia,0,0,0.0
1951,2024,Servia,10482,25379,2.4211982446098075
1953,2010,Singapura,0,0,0.0
1954,2011,Singapura,0,0,0.0
1955,2012,Singapura,0,0,0.0
1956,2013,Singapura,0,0,0.0
1957,2014,Singapura,0,0,0.0
1958,2015,Singapura,0,0,0.0
1959,2016,Singapura,0,0,0.0
1960,2017,Singapura,0,0,0.0
1961,2018,Singapura,0,0,0.0
1962,2019,Singapura,0,0,0.0
1963,2020,Singapura,0,0,0.0
1964,2021,Singapura,4504,14346,3.185168738898757
1965,2022,Singapura,4322,15434,3.5710319296621935
1966,2023,Singapura,3941,19781,5.01928444557219
1967,2024,Singapura,4141,20048,4.841342670852451
1969,2010,Suazilandia,0,0,0.0
1970,2011,Suazilandia,0,0,0.0
1971,2012,Suazilandia,0,0,0.0
1972,2013,Suazilandia,0,0,0.0
1973,2014,Suazilandia,0,0,0.0
1974,2015,Suazilandia,0,0,0.0
1975,2016,Suazilandia,0,0,0.0
1976,2017,Suazilandia,0,0,0.0
1977,2018,Suazilandia,0,0,0.0
1978,2019,Suazilandia,0,0,0.0
1979,2020,Suazilandia,0,0,0.0
1980,2021,Suazilandia,10,24,2.4
1981,2022,Suazilandia,0,0,0.0
1982,2023,Suazilandia,0,0,0.0
1983,2024,Suazilandia,0,0,0.0
1985,2010,Suecia,0,0,0.0
1986,2011,Suecia,1641,14476,8.821450335161487
1987,2012,Suecia,2705,17280,6.388170055452865
1988,2013,Suecia,3195,20183,6.317057902973396
1989,2014,Suecia,10404,51057,4.907439446366782
1990,2015,Suecia,1412,6404,4.5354107648725215
1991,2016,Suecia,291,1214,4.171821305841925
1992,2017,Suecia,15445,64953,4.205438653285853
1993,2018,Suecia,8062,34563,4.28714959067229
1994,2019,Suecia,28,761,27.178571428571427
1995,2020,Suecia,6,24,4.0
1996,2021,Suecia,23,74,3.217391304347826
1997,2022,Suecia,5,18,3.6
1998,2023,Suecia,0,0,0.0
1999,2024,Suecia,0,0,0.0
2001,2010,Suica,2025,21600,10.666666666666666
2002,2011,Suica,0,0,0.0
2003,2012,Suica,4014,47240,11.768809167912307
2004,2013,Suica,2997,29785,9.938271604938272
2005,2014,Suica,27933,231762,8.297067984104823
2006,2015,Suica,15872,85790,5.405115927419355
2007,2016,Suica,4230,33340,7.881796690307328
2008,2017,Suica,6525,74816,11.466053639846743
2009,2018,Suica,0,0,0.0
2010,2019,Suica,2223,28503,12.821862348178138
2011,2020,Suica,2827,27930,9.879731163777857
2012,2021,Suica,627,6999,11.16267942583732
2013,2022,Suica,1584,20863,13.171085858585858
2014,2023,Suica,2500,28763,11.5052
2015,2024,Suica,2350,23791,10.123829787234042
2017,2010,Suriname,1836,1269,0.6911764705882353
2018,2011,Suriname,3774,3735,0.9896661367249603
2019,2012,Suriname,396,1288,3.2525252525252526
2020,2013,Suriname,1800,2960,1.6444444444444444
2021,2014,Suriname,6,19,3.1666666666666665
2022,2015,Suriname,453,713,1.5739514348785872
2023,2016,Suriname,900,1375,1.5277777777777777
2024,2017,Suriname,3690,5638,1.5279132791327914
2025,2018,Suriname,0,0,0.0
2026,2019,Suriname,3206,4741,1.4787897691827823
2027,2020,Suriname,4185,5277,1.260931899641577
2028,2021,Suriname,900,1472,1.6355555555555557
2029,2022,Suriname,1225,3360,2.742857142857143
2030,2023,Suriname,3105,5235,1.6859903381642511
2031,2024,Suriname,27900,71483,2.562114695340502
2033,2010,Tailandia,0,0,0.0
2034,2011,Tailandia,0,0,0.0
2035,2012,Tailandia,0,0,0.0
2036,2013,Tailandia,0,0,0.0
2037,2014,Tailandia,0,0,0.0
2038,2015,Tailandia,0,0,0.0
2039,2016,Tailandia,0,0,0.0
2040,2017,Tailandia,0,0,0.0
2041,2018,Tailandia,8,45,5.625
2042,2019,Tailandia,128,832,6.5
2043,2020,Tailandia,534,1753,3.2827715355805243
2044,2021,Tailandia,1334,2529,1.8958020989505247
2045,2022,Tailandia,432,1713,3.9652777777777777
2046,2023,Tailandia,189,1387,7.338624338624339
2047,2024,Tailandia,266,1910,7.180451127819549
2049,2010,Taiwan,0,0,0.0
2050,2011,Taiwan,4500,10600,2.3555555555555556
2051,2012,Taiwan,0,0,0.0
2052,2013,Taiwan,0,0,0.0
2053,2014,Taiwan,12519,67907,5.424315041137471
2054,2015,Taiwan,7200,23940,3.325
2055,2016,Taiwan,16967,80379,4.7373725467083165
2056,2017,Taiwan,14988,43954,2.9326127568721643
2057,2018,Taiwan,7589,18421,2.427329028857557
2058,2019,Taiwan,12,67,5.583333333333333
2059,2020,Taiwan,963,4673,4.852544132917965
2060,2021,Taiwan,1313,8153,6.20944402132521
2061,2022,Taiwan,25,277,11.08
2062,2023,Taiwan,4208,19998,4.7523764258555135
2063,2024,Taiwan,0,0,0.0
2065,2010,Tanzania,0,0,0.0
2066,2011,Tanzania,0,0,0.0
2067,2012,Tanzania,0,0,0.0
2068,2013,Tanzania,0,0,0.0
2069,2014,Tanzania,0,0,0.0
2070,2015,Tanzania,0,0,0.0
2071,2016,Tanzania,0,0,0.0
2072,2017,Tanzania,0,0,0.0
2073,2018,Tanzania,0,0,0.0
2074,2019,Tanzania,0,0,0.0
2075,2020,Tanzania,0,0,0.0
2076,2021,Tanzania,0,0,0.0
2077,2022,Tanzania,0,0,0.0
2078,2023,Tanzania,0,0,0.0
2079,2024,Tanzania,3,35,11.666666666666666
2081,2010,Republica Tcheca,1091,5285,4.844179651695692
2082,2011,Republica Tcheca,6846,37271,5.444200993280748
2083,2012,Republica Tcheca,7960,27789,3.4910804020100503
2084,2013,Republica Tcheca,3697,23549,6.369759264268326
2085,2014,Republica Tcheca,4500,35005,7.778888888888889
2086,2015,Republica Tcheca,2297,15304,6.662603395733566
2087,2016,Republica Tcheca,3837,28473,7.420641125879594
2088,2017,Republica Tcheca,2746,16947,6.171522214129643
2089,2018,Republica Tcheca,2712,20980,7.73598820058997
2090,2019,Republica Tcheca,2115,16391,7.749881796690308
2091,2020,Republica Tcheca,563,4805,8.534635879218472
2092,2021,Republica Tcheca,456,5988,13.131578947368421
2093,2022,Republica Tcheca,1305,9997,7.660536398467433
2094,2023,Republica Tcheca,405,3348,8.266666666666667
2095,2024,Republica Tcheca,2273,20973,9.227012758468984
2097,2010,Togo,0,0,0.0
2098,2011,Togo,0,0,0.0
2099,2012,Togo,0,0,0.0
2100,2013,Togo,0,0,0.0
2101,2014,Togo,0,0,0.0
2102,2015,Togo,0,0,0.0
2103,2016,Togo,0,0,0.0
2104,2017,Togo,0,0,0.0
2105,2018,Togo,0,0,0.0
2106,2019,Togo,0,0,0.0
2107,2020,Togo,0,0,0.0
2108,2021,Togo,1890,2012,1.0645502645502645
2109,2022,Togo,17317,25608,1.4787780793439973
2110,2023,Togo,14550,25235,1.734364261168385
2111,2024,Togo,27630,48070,1.7397756062251177
2113,2010,Toquelau,0,0,0.0
2114,2011,Toquelau,0,0,0.0
2115,2012,Toquelau,0,0,0.0
2116,2013,Toquelau,0,0,0.0
2117,2014,Toquelau,0,0,0.0
2118,2015,Toquelau,0,0,0.0
2119,2016,Toquelau,0,0,0.0
2120,2017,Toquelau,0,0,0.0
2121,2018,Toquelau,0,0,0.0
2122,2019,Toquelau,0,0,0.0
2123,2020,Toquelau,0,0,0.0
2124,2021,Toquelau,0,0,0.0
2125,2022,Toquelau,0,0,0.0
2126,2023,Toquelau,3,10,3.3333333333333335
2127,2024,Toquelau,0,0,0.0
2129,2010,Trindade e Tobago,0,0,0.0
2130,2011,Trindade e Tobago,0,0,0.0
2131,2012,Trindade e Tobago,531,2720,5.12241054613936
2132,2013,Trindade e Tobago,0,0,0.0
2133,2014,Trindade e Tobago,360,1600,4.444444444444445
2134,2015,Trindade e Tobago,0,0,0.0
2135,2016,Trindade e Tobago,0,0,0.0
2136,2017,Trindade e Tobago,0,0,0.0
2137,2018,Trindade e Tobago,0,0,0.0
2138,2019,Trindade e Tobago,0,0,0.0
2139,2020,Trindade e Tobago,0,0,0.0
2140,2021,Trindade e Tobago,0,0,0.0
2141,2022,Trindade e Tobago,0,0,0.0
2142,2023,Trindade e Tobago,0,0,0.0
2143,2024,Trindade e Tobago,64,199,3.109375
2145,2010,Tunisia,0,0,0.0
2146,2011,Tunisia,0,0,0.0
2147,2012,Tunisia,0,0,0.0
2148,2013,Tunisia,0,0,0.0
2149,2014,Tunisia,0,0,0.0
2150,2015,Tunisia,0,0,0.0
2151,2016,Tunisia,0,0,0.0
2152,2017,Tunisia,0,0,0.0
2153,2018,Tunisia,0,0,0.0
2154,2019,Tunisia,0,0,0.0
2155,2020,Tunisia,0,0,0.0
2156,2021,Tunisia,0,0,0.0
2157,2022,Tunisia,0,0,0.0
2158,2023,Tunisia,0,0,0.0
2159,2024,Tunisia,0,0,0.0
2161,2010,Turquia,0,0,0.0
2162,2011,Turquia,0,0,0.0
2163,2012,Turquia,0,0,0.0
2164,2013,Turquia,0,0,0.0
2165,2014,Turquia,0,0,0.0
2166,2015,Turquia,0,0,0.0
2167,2016,Turquia,0,0,0.0
2168,2017,Turquia,0,0,0.0
2169,2018,Turquia,360,150,0.4166666666666667
2170,2019,Turquia,115,209,1.817391304347826
2171,2020,Turquia,0,0,0.0
2172,2021,Turquia,343,878,2.5597667638483963
2173,2022,Turquia,418,503,1.2033492822966507
2174,2023,Turquia,28104,95421,3.395281810418446
2175,2024,Turquia,216,540,2.5
2177,2010,Tuvalu,0,0,0.0
2178,2011,Tuvalu,0,0,0.0
2179,2012,Tuvalu,0,0,0.0
2180,2013,Tuvalu,0,0,0.0
2181,2014,Tuvalu,0,0,0.0
2182,2015,Tuvalu,0,0,0.0
2183,2016,Tuvalu,0,0,0.0
2184,2017,Tuvalu,0,0,0.0
2185,2018,Tuvalu,0,0,0.0
2186,2019,Tuvalu,0,0,0.0
2187,2020,Tuvalu,2,4,2.0
2188,2021,Tuvalu,0,0,0.0
2189,2022,Tuvalu,0,0,0.0
2190,2023,Tuvalu,0,0,0.0
2191,2024,Tuvalu,0,0,0.0
2193,2010,Uruguai,914,2929,3.2045951859956237
2194,2011,Uruguai,1238,4404,3.5573505654281097
2195,2012,Uruguai,1135,3879,3.4176211453744494
2196,2013,Uruguai,1526,13343,8.743774574049803
2197,2014,Uruguai,0,0,0.0
2198,2015,Uruguai,0,0,0.0
2199,2016,Uruguai,0,0,0.0
2200,2017,Uruguai,0,0,0.0
2201,2018,Uruguai,7711,29617,3.840876669692647
2202,2019,Uruguai,6180,18497,2.993042071197411
2203,2020,Uruguai,0,0,0.0
2204,2021,Uruguai,136774,149842,1.095544474827087
2205,2022,Uruguai,637117,997367,1.565437745343477
2206,2023,Uruguai,326093,454271,1.393071915067174
2207,2024,Uruguai,36729,62325,1.6968880176427346
2209,2010,Vanuatu,0,0,0.0
2210,2011,Vanuatu,0,0,0.0
2211,2012,Vanuatu,0,0,0.0
2212,2013,Vanuatu,0,0,0.0
2213,2014,Vanuatu,0,0,0.0
2214,2015,Vanuatu,0,0,0.0
2215,2016,Vanuatu,0,0,0.0
2216,2017,Vanuatu,0,0,0.0
2217,2018,Vanuatu,0,0,0.0
2218,2019,Vanuatu,0,0,0.0
2219,2020,Vanuatu,18,31,1.7222222222222223
2220,2021,Vanuatu,0,0,0.0
2221,2022,Vanuatu,0,0,0.0
2222,2023,Vanuatu,0,0,0.0
2223,2024,Vanuatu,0,0,0.0
2225,2010,Venezuela,0,0,0.0
2226,2011,Venezuela,0,0,0.0
2227,2012,Venezuela,1029,7492,7.280855199222546
2228,2013,Venezuela,0,0,0.0
2229,2014,Venezuela,14,232,16.571428571428573
2230,2015,Venezuela,0,0,0.0
2231,2016,Venezuela,0,0,0.0
2232,2017,Venezuela,680,2646,3.8911764705882352
2233,2018,Venezuela,71,355,5.0
2234,2019,Venezuela,0,0,0.0
2235,2020,Venezuela,4086,9808,2.400391581008321
2236,2021,Venezuela,26415,35944,1.3607420026500094
2237,2022,Venezuela,23220,32351,1.393238587424634
2238,2023,Venezuela,141030,220512,1.5635822165496702
2239,2024,Venezuela,122922,199418,1.622313336912839
2241,2010,Vietna,8820,9977,1.1311791383219956
2242,2011,Vietna,0,0,0.0
2243,2012,Vietna,0,0,0.0
2244,2013,Vietna,0,0,0.0
2245,2014,Vietna,0,0,0.0
2246,2015,Vietna,0,0,0.0
2247,2016,Vietna,0,0,0.0
2248,2017,Vietna,0,0,0.0
2249,2018,Vietna,0,0,0.0
2250,2019,Vietna,20,32,1.6
2251,2020,Vietna,86,584,6.790697674418604
2252,2021,Vietna,0,0,0.0
2253,2022,Vietna,130,277,2.1307692307692307
2254,2023,Vietna,72,128,1.7777777777777777
2255,2024,Vietna,16,41,2.5625
