ano,pais,kg,us$,us$/kg
2008,África do Sul,0,0,0.0
2009,África do Sul,0,0,0.0
2010,África do Sul,0,0,0.0
2011,África do Sul,0,0,0.0
2012,África do Sul,0,0,0.0
2013,África do Sul,0,0,0.0
2014,África do Sul,0,0,0.0
2015,África do Sul,0,0,0.0
2016,África do Sul,0,0,0.0
2017,África do Sul,0,0,0.0
2018,África do Sul,0,0,0.0
2019,África do Sul,0,0,0.0
2020,África do Sul,0,0,0.0
2021,África do Sul,0,0,0.0
2022,África do Sul,0,0,0.0
2023,África do Sul,2,44,22.0
2008,Alemanha,5423,20928,3.859118569057717
2009,Alemanha,6648,29018,4.364921780986763
2010,Alemanha,1958,6877,3.5122574055158324
2011,Alemanha,1976,12018,6.081983805668016
2012,Alemanha,833,5072,6.088835534213685
2013,Alemanha,5809,30461,5.243759683250129
2014,Alemanha,9236,62169,6.731160675617151
2015,Alemanha,6256,30939,4.945492327365729
2016,Alemanha,4293,19088,4.446307943163289
2017,Alemanha,4824,28799,5.969941956882256
2018,Alemanha,4092,21373,5.223118279569892
2019,Alemanha,1003,5466,5.4496510468594215
2020,Alemanha,2388,14767,6.183835845896147
2021,Alemanha,142,265,1.8661971830985915
2022,Alemanha,1164,6560,5.635738831615121
2023,Alemanha,162,1542,9.518518518518519
2008,Angola,2244,10581,4.71524064171123
2009,Angola,11393,33664,2.954796805055736
2010,Angola,104138,672533,6.458094067487372
2011,Angola,904,14196,15.70353982300885
2012,Angola,73,1426,19.534246575342465
2013,Angola,5850,21060,3.6
2014,Angola,6866,22423,3.2658025050975823
2015,Angola,0,0,0.0
2016,Angola,90,1010,11.222222222222221
2017,Angola,0,0,0.0
2018,Angola,63,280,4.444444444444445
2019,Angola,1007,3615,3.58987090367428
2020,Angola,24,38,1.5833333333333333
2021,Angola,0,0,0.0
2022,Angola,26383,141588,5.366637607550317
2023,Angola,56242,315073,5.602094520109527
2008,Antigua e Barbuda,0,0,0.0
2009,Antigua e Barbuda,0,0,0.0
2010,Antigua e Barbuda,0,0,0.0
2011,Antigua e Barbuda,0,0,0.0
2012,Antigua e Barbuda,0,0,0.0
2013,Antigua e Barbuda,0,0,0.0
2014,Antigua e Barbuda,0,0,0.0
2015,Antigua e Barbuda,0,0,0.0
2016,Antigua e Barbuda,0,0,0.0
2017,Antigua e Barbuda,0,0,0.0
2018,Antigua e Barbuda,0,0,0.0
2019,Antigua e Barbuda,7,34,4.857142857142857
2020,Antigua e Barbuda,32,328,10.25
2021,Antigua e Barbuda,10,82,8.2
2022,Antigua e Barbuda,65,146,2.246153846153846
2023,Antigua e Barbuda,24,100,4.166666666666667
2008,Antilhas Holandesas,0,0,0.0
2009,Antilhas Holandesas,180,1660,9.222222222222221
2010,Antilhas Holandesas,0,0,0.0
2011,Antilhas Holandesas,9144,65766,7.192257217847769
2012,Antilhas Holandesas,0,0,0.0
2013,Antilhas Holandesas,0,0,0.0
2014,Antilhas Holandesas,0,0,0.0
2015,Antilhas Holandesas,0,0,0.0
2016,Antilhas Holandesas,0,0,0.0
2017,Antilhas Holandesas,0,0,0.0
2018,Antilhas Holandesas,0,0,0.0
2019,Antilhas Holandesas,0,0,0.0
2020,Antilhas Holandesas,0,0,0.0
2021,Antilhas Holandesas,0,0,0.0
2022,Antilhas Holandesas,0,0,0.0
2023,Antilhas Holandesas,0,0,0.0
2008,Argentina,0,0,0.0
2009,Argentina,0,0,0.0
2010,Argentina,0,0,0.0
2011,Argentina,0,0,0.0
2012,Argentina,0,0,0.0
2013,Argentina,0,0,0.0
2014,Argentina,0,0,0.0
2015,Argentina,0,0,0.0
2016,Argentina,0,0,0.0
2017,Argentina,0,0,0.0
2018,Argentina,4342,17243,3.9712114233072318
2019,Argentina,0,0,0.0
2020,Argentina,315,894,2.8380952380952382
2021,Argentina,0,0,0.0
2022,Argentina,0,0,0.0
2023,Argentina,8593,73239,8.523100197835447
2008,Aruba,0,0,0.0
2009,Aruba,0,0,0.0
2010,Aruba,0,0,0.0
2011,Aruba,0,0,0.0
2012,Aruba,0,0,0.0
2013,Aruba,0,0,0.0
2014,Aruba,0,0,0.0
2015,Aruba,0,0,0.0
2016,Aruba,0,0,0.0
2017,Aruba,0,0,0.0
2018,Aruba,18,7,0.3888888888888889
2019,Aruba,0,0,0.0
2020,Aruba,0,0,0.0
2021,Aruba,0,0,0.0
2022,Aruba,0,0,0.0
2023,Aruba,0,0,0.0
2008,Australia,0,0,0.0
2009,Australia,0,0,0.0
2010,Australia,0,0,0.0
2011,Australia,0,0,0.0
2012,Australia,1317,11057,8.395596051632499
2013,Australia,767,5809,7.573663624511082
2014,Australia,618,3951,6.393203883495145
2015,Australia,235,1368,5.821276595744681
2016,Australia,594,2602,4.380471380471381
2017,Australia,595,2276,3.8252100840336136
2018,Australia,0,0,0.0
2019,Australia,180,800,4.444444444444445
2020,Australia,144,503,3.4930555555555554
2021,Australia,184,654,3.5543478260869565
2022,Australia,0,0,0.0
2023,Australia,10,6,0.6
2008,Bahamas,0,0,0.0
2009,Bahamas,0,0,0.0
2010,Bahamas,146,795,5.445205479452055
2011,Bahamas,1001,7034,7.026973026973027
2012,Bahamas,216,2160,10.0
2013,Bahamas,270,2700,10.0
2014,Bahamas,0,0,0.0
2015,Bahamas,0,0,0.0
2016,Bahamas,0,0,0.0
2017,Bahamas,0,0,0.0
2018,Bahamas,5,17,3.4
2019,Bahamas,18,79,4.388888888888889
2020,Bahamas,434,1033,2.380184331797235
2021,Bahamas,179,461,2.5754189944134076
2022,Bahamas,56,194,3.4642857142857144
2023,Bahamas,65,268,4.123076923076923
2008,Bangladesh,0,0,0.0
2009,Bangladesh,0,0,0.0
2010,Bangladesh,0,0,0.0
2011,Bangladesh,0,0,0.0
2012,Bangladesh,0,0,0.0
2013,Bangladesh,0,0,0.0
2014,Bangladesh,0,0,0.0
2015,Bangladesh,0,0,0.0
2016,Bangladesh,0,0,0.0
2017,Bangladesh,0,0,0.0
2018,Bangladesh,0,0,0.0
2019,Bangladesh,0,0,0.0
2020,Bangladesh,0,0,0.0
2021,Bangladesh,1,28,28.0
2022,Bangladesh,0,0,0.0
2023,Bangladesh,0,0,0.0
2008,Barbados,0,0,0.0
2009,Barbados,0,0,0.0
2010,Barbados,0,0,0.0
2011,Barbados,0,0,0.0
2012,Barbados,0,0,0.0
2013,Barbados,0,0,0.0
2014,Barbados,0,0,0.0
2015,Barbados,0,0,0.0
2016,Barbados,0,0,0.0
2017,Barbados,0,0,0.0
2018,Barbados,0,0,0.0
2019,Barbados,0,0,0.0
2020,Barbados,57,105,1.8421052631578947
2021,Barbados,4,58,14.5
2022,Barbados,25,101,4.04
2023,Barbados,32,219,6.84375
2008,Belgica,112,682,6.089285714285714
2009,Belgica,0,0,0.0
2010,Belgica,12897,49742,3.856865937814996
2011,Belgica,0,0,0.0
2012,Belgica,7404,40086,5.414100486223663
2013,Belgica,1100,6078,5.525454545454545
2014,Belgica,104153,499164,4.792603189538467
2015,Belgica,900,5280,5.866666666666666
2016,Belgica,0,0,0.0
2017,Belgica,450,2646,5.88
2018,Belgica,1800,10555,5.863888888888889
2019,Belgica,1869,11405,6.102193686463349
2020,Belgica,0,0,0.0
2021,Belgica,0,0,0.0
2022,Belgica,0,0,0.0
2023,Belgica,0,0,0.0
2008,Benin,0,0,0.0
2009,Benin,0,0,0.0
2010,Benin,0,0,0.0
2011,Benin,0,0,0.0
2012,Benin,0,0,0.0
2013,Benin,0,0,0.0
2014,Benin,0,0,0.0
2015,Benin,0,0,0.0
2016,Benin,0,0,0.0
2017,Benin,0,0,0.0
2018,Benin,0,0,0.0
2019,Benin,0,0,0.0
2020,Benin,24,181,7.541666666666667
2021,Benin,0,0,0.0
2022,Benin,0,0,0.0
2023,Benin,3,19,6.333333333333333
2008,Bermudas,0,0,0.0
2009,Bermudas,0,0,0.0
2010,Bermudas,0,0,0.0
2011,Bermudas,0,0,0.0
2012,Bermudas,0,0,0.0
2013,Bermudas,0,0,0.0
2014,Bermudas,0,0,0.0
2015,Bermudas,0,0,0.0
2016,Bermudas,0,0,0.0
2017,Bermudas,0,0,0.0
2018,Bermudas,0,0,0.0
2019,Bermudas,0,0,0.0
2020,Bermudas,0,0,0.0
2021,Bermudas,0,0,0.0
2022,Bermudas,12,58,4.833333333333333
2023,Bermudas,0,0,0.0
2008,Bolívia,587,2048,3.4889267461669506
2009,Bolívia,0,0,0.0
2010,Bolívia,11960,5553,0.4642976588628763
2011,Bolívia,0,0,0.0
2012,Bolívia,0,0,0.0
2013,Bolívia,0,0,0.0
2014,Bolívia,9,250,27.77777777777778
2015,Bolívia,2418,11355,4.696029776674938
2016,Bolívia,2624,12811,4.882240853658536
2017,Bolívia,1668,21056,12.623501199040767
2018,Bolívia,5891,25277,4.290782549652011
2019,Bolívia,0,0,0.0
2020,Bolívia,5994,16901,2.819652986319653
2021,Bolívia,21235,64988,3.060419119378385
2022,Bolívia,22307,70416,3.15667727619133
2023,Bolívia,11410,34481,3.0219982471516214
2008,Bósnia-Herzegovina,0,0,0.0
2009,Bósnia-Herzegovina,0,0,0.0
2010,Bósnia-Herzegovina,0,0,0.0
2011,Bósnia-Herzegovina,0,0,0.0
2012,Bósnia-Herzegovina,0,0,0.0
2013,Bósnia-Herzegovina,0,0,0.0
2014,Bósnia-Herzegovina,0,0,0.0
2015,Bósnia-Herzegovina,0,0,0.0
2016,Bósnia-Herzegovina,0,0,0.0
2017,Bósnia-Herzegovina,0,0,0.0
2018,Bósnia-Herzegovina,0,0,0.0
2019,Bósnia-Herzegovina,10,53,5.3
2020,Bósnia-Herzegovina,168,161,0.9583333333333334
2021,Bósnia-Herzegovina,0,0,0.0
2022,Bósnia-Herzegovina,0,0,0.0
2023,Bósnia-Herzegovina,0,0,0.0
2008,Bulgaria,0,0,0.0
2009,Bulgaria,0,0,0.0
2010,Bulgaria,0,0,0.0
2011,Bulgaria,0,0,0.0
2012,Bulgaria,0,0,0.0
2013,Bulgaria,0,0,0.0
2014,Bulgaria,0,0,0.0
2015,Bulgaria,0,0,0.0
2016,Bulgaria,0,0,0.0
2017,Bulgaria,0,0,0.0
2018,Bulgaria,0,0,0.0
2019,Bulgaria,0,0,0.0
2020,Bulgaria,0,0,0.0
2021,Bulgaria,0,0,0.0
2022,Bulgaria,0,0,0.0
2023,Bulgaria,0,0,0.0
2008,Cabo Verde,0,0,0.0
2009,Cabo Verde,0,0,0.0
2010,Cabo Verde,0,0,0.0
2011,Cabo Verde,0,0,0.0
2012,Cabo Verde,0,0,0.0
2013,Cabo Verde,0,0,0.0
2014,Cabo Verde,0,0,0.0
2015,Cabo Verde,0,0,0.0
2016,Cabo Verde,0,0,0.0
2017,Cabo Verde,0,0,0.0
2018,Cabo Verde,0,0,0.0
2019,Cabo Verde,0,0,0.0
2020,Cabo Verde,0,0,0.0
2021,Cabo Verde,2,12,6.0
2022,Cabo Verde,0,0,0.0
2023,Cabo Verde,0,0,0.0
2008,Camarões,0,0,0.0
2009,Camarões,0,0,0.0
2010,Camarões,0,0,0.0
2011,Camarões,0,0,0.0
2012,Camarões,0,0,0.0
2013,Camarões,0,0,0.0
2014,Camarões,0,0,0.0
2015,Camarões,0,0,0.0
2016,Camarões,0,0,0.0
2017,Camarões,4138,16077,3.8852102464958915
2018,Camarões,90,284,3.1555555555555554
2019,Camarões,0,0,0.0
2020,Camarões,0,0,0.0
2021,Camarões,0,0,0.0
2022,Camarões,0,0,0.0
2023,Camarões,0,0,0.0
2008,Canada,0,0,0.0
2009,Canada,0,0,0.0
2010,Canada,0,0,0.0
2011,Canada,1894,7716,4.073917634635691
2012,Canada,640,4663,7.2859375
2013,Canada,10371,36809,3.549223797126603
2014,Canada,1847,13240,7.168381158635626
2015,Canada,2405,15821,6.578378378378378
2016,Canada,901,3821,4.2408435072142066
2017,Canada,0,0,0.0
2018,Canada,23,94,4.086956521739131
2019,Canada,2185,8228,3.765675057208238
2020,Canada,413,3063,7.416464891041162
2021,Canada,253,566,2.2371541501976284
2022,Canada,62,347,5.596774193548387
2023,Canada,4068,15427,3.7922812192723696
2008,Catar,0,0,0.0
2009,Catar,0,0,0.0
2010,Catar,0,0,0.0
2011,Catar,0,0,0.0
2012,Catar,0,0,0.0
2013,Catar,0,0,0.0
2014,Catar,0,0,0.0
2015,Catar,0,0,0.0
2016,Catar,0,0,0.0
2017,Catar,0,0,0.0
2018,Catar,0,0,0.0
2019,Catar,41,3502,85.41463414634147
2020,Catar,78,6651,85.26923076923077
2021,Catar,5,964,192.8
2022,Catar,0,0,0.0
2023,Catar,0,0,0.0
2008,"Cayman, Ilhas",0,0,0.0
2009,"Cayman, Ilhas",0,0,0.0
2010,"Cayman, Ilhas",0,0,0.0
2011,"Cayman, Ilhas",0,0,0.0
2012,"Cayman, Ilhas",0,0,0.0
2013,"Cayman, Ilhas",0,0,0.0
2014,"Cayman, Ilhas",0,0,0.0
2015,"Cayman, Ilhas",0,0,0.0
2016,"Cayman, Ilhas",0,0,0.0
2017,"Cayman, Ilhas",0,0,0.0
2018,"Cayman, Ilhas",0,0,0.0
2019,"Cayman, Ilhas",15,43,2.8666666666666667
2020,"Cayman, Ilhas",0,0,0.0
2021,"Cayman, Ilhas",1,5,5.0
2022,"Cayman, Ilhas",0,0,0.0
2023,"Cayman, Ilhas",5,33,6.6
2008,Chile,0,0,0.0
2009,Chile,1673,8613,5.1482367005379555
2010,Chile,0,0,0.0
2011,Chile,0,0,0.0
2012,Chile,811,10143,12.506781750924784
2013,Chile,0,0,0.0
2014,Chile,0,0,0.0
2015,Chile,0,0,0.0
2016,Chile,10340,41824,4.044874274661509
2017,Chile,25439,231696,9.107905184952239
2018,Chile,25481,208521,8.183391546642596
2019,Chile,0,0,0.0
2020,Chile,90,346,3.8444444444444446
2021,Chile,72,361,5.013888888888889
2022,Chile,4,19,4.75
2023,Chile,3532,15875,4.494620611551529
2008,China,0,0,0.0
2009,China,0,0,0.0
2010,China,416,1566,3.764423076923077
2011,China,1682,8342,4.959571938168847
2012,China,3219,25604,7.954022988505747
2013,China,795,6572,8.266666666666667
2014,China,5959,35190,5.905353247189126
2015,China,23520,48739,2.072236394557823
2016,China,4610,20931,4.540347071583514
2017,China,11646,35671,3.062940065258458
2018,China,19490,58871,3.020574653668548
2019,China,26247,91922,3.502190726559226
2020,China,29921,103986,3.475351759633702
2021,China,13692,49572,3.6205083260297983
2022,China,8619,35079,4.069961712495649
2023,China,16285,47822,2.936567393306724
2008,Chipre,0,0,0.0
2009,Chipre,0,0,0.0
2010,Chipre,0,0,0.0
2011,Chipre,0,0,0.0
2012,Chipre,0,0,0.0
2013,Chipre,0,0,0.0
2014,Chipre,0,0,0.0
2015,Chipre,0,0,0.0
2016,Chipre,0,0,0.0
2017,Chipre,0,0,0.0
2018,Chipre,0,0,0.0
2019,Chipre,101,368,3.6435643564356437
2020,Chipre,307,1019,3.3192182410423454
2021,Chipre,122,350,2.8688524590163933
2022,Chipre,382,931,2.43717277486911
2023,Chipre,188,707,3.7606382978723403
2008,Cingapura,378,1933,5.113756613756614
2009,Cingapura,976,2784,2.8524590163934427
2010,Cingapura,247,738,2.9878542510121457
2011,Cingapura,0,0,0.0
2012,Cingapura,0,0,0.0
2013,Cingapura,0,0,0.0
2014,Cingapura,113,700,6.1946902654867255
2015,Cingapura,0,0,0.0
2016,Cingapura,0,0,0.0
2017,Cingapura,0,0,0.0
2018,Cingapura,47214,135547,2.870906934383869
2019,Cingapura,28418,126428,4.448870434231825
2020,Cingapura,0,0,0.0
2021,Cingapura,0,0,0.0
2022,Cingapura,0,0,0.0
2023,Cingapura,0,0,0.0
2008,Colombia,0,0,0.0
2009,Colombia,0,0,0.0
2010,Colombia,0,0,0.0
2011,Colombia,90,1068,11.866666666666667
2012,Colombia,0,0,0.0
2013,Colombia,22,196,8.909090909090908
2014,Colombia,0,0,0.0
2015,Colombia,0,0,0.0
2016,Colombia,617,1532,2.4829821717990277
2017,Colombia,595,2600,4.369747899159663
2018,Colombia,2309,8637,3.7405803378085754
2019,Colombia,804,2185,2.7176616915422884
2020,Colombia,24578,74854,3.045569208235007
2021,Colombia,10280,37207,3.6193579766536965
2022,Colombia,15396,56227,3.6520524811639388
2023,Colombia,1926,6898,3.5815160955347873
2008,"Coreia do Sul, Republica da",842,2553,3.032066508313539
2009,"Coreia do Sul, Republica da",0,0,0.0
2010,"Coreia do Sul, Republica da",0,0,0.0
2011,"Coreia do Sul, Republica da",0,0,0.0
2012,"Coreia do Sul, Republica da",0,0,0.0
2013,"Coreia do Sul, Republica da",0,0,0.0
2014,"Coreia do Sul, Republica da",4950,22797,4.6054545454545455
2015,"Coreia do Sul, Republica da",0,0,0.0
2016,"Coreia do Sul, Republica da",212,1180,5.566037735849057
2017,"Coreia do Sul, Republica da",442,1470,3.32579185520362
2018,"Coreia do Sul, Republica da",3,15,5.0
2019,"Coreia do Sul, Republica da",32,115,3.59375
2020,"Coreia do Sul, Republica da",24,53,2.2083333333333335
2021,"Coreia do Sul, Republica da",82,200,2.4390243902439024
2022,"Coreia do Sul, Republica da",10,30,3.0
2023,"Coreia do Sul, Republica da",74,222,3.0
2008,Costa Rica,0,0,0.0
2009,Costa Rica,0,0,0.0
2010,Costa Rica,12,30,2.5
2011,Costa Rica,0,0,0.0
2012,Costa Rica,34,30,0.8823529411764706
2013,Costa Rica,0,0,0.0
2014,Costa Rica,0,0,0.0
2015,Costa Rica,0,0,0.0
2016,Costa Rica,0,0,0.0
2017,Costa Rica,0,0,0.0
2018,Costa Rica,0,0,0.0
2019,Costa Rica,0,0,0.0
2020,Costa Rica,0,0,0.0
2021,Costa Rica,0,0,0.0
2022,Costa Rica,0,0,0.0
2023,Costa Rica,0,0,0.0
2008,Cuba,0,0,0.0
2009,Cuba,0,0,0.0
2010,Cuba,0,0,0.0
2011,Cuba,0,0,0.0
2012,Cuba,0,0,0.0
2013,Cuba,0,0,0.0
2014,Cuba,0,0,0.0
2015,Cuba,0,0,0.0
2016,Cuba,0,0,0.0
2017,Cuba,0,0,0.0
2018,Cuba,1,2,2.0
2019,Cuba,0,0,0.0
2020,Cuba,0,0,0.0
2021,Cuba,0,0,0.0
2022,Cuba,0,0,0.0
2023,Cuba,0,0,0.0
2008,Curaçao,0,0,0.0
2009,Curaçao,0,0,0.0
2010,Curaçao,0,0,0.0
2011,Curaçao,0,0,0.0
2012,Curaçao,0,0,0.0
2013,Curaçao,0,0,0.0
2014,Curaçao,0,0,0.0
2015,Curaçao,0,0,0.0
2016,Curaçao,0,0,0.0
2017,Curaçao,991,5808,5.860746720484359
2018,Curaçao,801,2256,2.816479400749064
2019,Curaçao,3373,13676,4.054550844945153
2020,Curaçao,2186,8451,3.8659652333028363
2021,Curaçao,5525,21633,3.915475113122172
2022,Curaçao,3487,15494,4.443361055348437
2023,Curaçao,1288,6539,5.076863354037267
2008,Dinamarca,0,0,0.0
2009,Dinamarca,0,0,0.0
2010,Dinamarca,0,0,0.0
2011,Dinamarca,864,4130,4.780092592592593
2012,Dinamarca,1296,5921,4.568672839506172
2013,Dinamarca,3164,16628,5.255372945638432
2014,Dinamarca,1296,6917,5.3371913580246915
2015,Dinamarca,726,4376,6.027548209366391
2016,Dinamarca,68,538,7.911764705882353
2017,Dinamarca,0,0,0.0
2018,Dinamarca,662,3530,5.332326283987915
2019,Dinamarca,96,230,2.3958333333333335
2020,Dinamarca,452,1798,3.97787610619469
2021,Dinamarca,7,32,4.571428571428571
2022,Dinamarca,0,0,0.0
2023,Dinamarca,2790,26359,9.447670250896058
2008,Dominica,0,0,0.0
2009,Dominica,0,0,0.0
2010,Dominica,0,0,0.0
2011,Dominica,0,0,0.0
2012,Dominica,0,0,0.0
2013,Dominica,0,0,0.0
2014,Dominica,0,0,0.0
2015,Dominica,0,0,0.0
2016,Dominica,0,0,0.0
2017,Dominica,0,0,0.0
2018,Dominica,0,0,0.0
2019,Dominica,0,0,0.0
2020,Dominica,0,0,0.0
2021,Dominica,204,505,2.4754901960784315
2022,Dominica,594,1461,2.45959595959596
2023,Dominica,0,0,0.0
2008,El Salvador,0,0,0.0
2009,El Salvador,0,0,0.0
2010,El Salvador,0,0,0.0
2011,El Salvador,20,10,0.5
2012,El Salvador,0,0,0.0
2013,El Salvador,0,0,0.0
2014,El Salvador,0,0,0.0
2015,El Salvador,0,0,0.0
2016,El Salvador,0,0,0.0
2017,El Salvador,0,0,0.0
2018,El Salvador,1,10,10.0
2019,El Salvador,0,0,0.0
2020,El Salvador,0,0,0.0
2021,El Salvador,0,0,0.0
2022,El Salvador,0,0,0.0
2023,El Salvador,0,0,0.0
2008,Emirados Arabes Unidos,0,0,0.0
2009,Emirados Arabes Unidos,0,0,0.0
2010,Emirados Arabes Unidos,198,804,4.0606060606060606
2011,Emirados Arabes Unidos,190,590,3.1052631578947367
2012,Emirados Arabes Unidos,0,0,0.0
2013,Emirados Arabes Unidos,0,0,0.0
2014,Emirados Arabes Unidos,0,0,0.0
2015,Emirados Arabes Unidos,0,0,0.0
2016,Emirados Arabes Unidos,0,0,0.0
2017,Emirados Arabes Unidos,0,0,0.0
2018,Emirados Arabes Unidos,0,0,0.0
2019,Emirados Arabes Unidos,33,164,4.96969696969697
2020,Emirados Arabes Unidos,9,36,4.0
2021,Emirados Arabes Unidos,90,3240,36.0
2022,Emirados Arabes Unidos,0,0,0.0
2023,Emirados Arabes Unidos,126,622,4.936507936507937
2008,Equador,0,0,0.0
2009,Equador,0,0,0.0
2010,Equador,0,0,0.0
2011,Equador,0,0,0.0
2012,Equador,0,0,0.0
2013,Equador,0,0,0.0
2014,Equador,0,0,0.0
2015,Equador,0,0,0.0
2016,Equador,0,0,0.0
2017,Equador,0,0,0.0
2018,Equador,0,0,0.0
2019,Equador,2,3,1.5
2020,Equador,0,0,0.0
2021,Equador,0,0,0.0
2022,Equador,135,500,3.7037037037037037
2023,Equador,540,2000,3.7037037037037037
2008,Espanha,995,3094,3.1095477386934673
2009,Espanha,0,0,0.0
2010,Espanha,0,0,0.0
2011,Espanha,720,5057,7.023611111111111
2012,Espanha,0,0,0.0
2013,Espanha,3375,22468,6.6571851851851855
2014,Espanha,0,0,0.0
2015,Espanha,0,0,0.0
2016,Espanha,0,0,0.0
2017,Espanha,5013,64735,12.91342509475364
2018,Espanha,2271,9453,4.162483487450462
2019,Espanha,2,3,1.5
2020,Espanha,29,230,7.931034482758621
2021,Espanha,0,0,0.0
2022,Espanha,0,0,0.0
2023,Espanha,45,853,18.955555555555556
2008,Estados Unidos,283760,324094,1.1421412461234846
2009,Estados Unidos,35695,200975,5.630340383807256
2010,Estados Unidos,123001,172488,1.4023300623572166
2011,Estados Unidos,67547,333438,4.936385035604838
2012,Estados Unidos,126129,513426,4.070641961801013
2013,Estados Unidos,91987,364136,3.9585593616489287
2014,Estados Unidos,39748,136533,3.4349652812720137
2015,Estados Unidos,18450,92868,5.033495934959349
2016,Estados Unidos,22615,143306,6.336767632102587
2017,Estados Unidos,22605,170620,7.547887635478876
2018,Estados Unidos,28542,172961,6.059876672973163
2019,Estados Unidos,389511,1023709,2.628190217991276
2020,Estados Unidos,634243,1647310,2.597285267634014
2021,Estados Unidos,801082,2123710,2.6510519522346025
2022,Estados Unidos,732209,1964451,2.6829102073315134
2023,Estados Unidos,255198,729055,2.8568209782208323
2008,Estonia,0,0,0.0
2009,Estonia,0,0,0.0
2010,Estonia,495,1860,3.757575757575758
2011,Estonia,0,0,0.0
2012,Estonia,369,1882,5.100271002710027
2013,Estonia,0,0,0.0
2014,Estonia,0,0,0.0
2015,Estonia,0,0,0.0
2016,Estonia,0,0,0.0
2017,Estonia,0,0,0.0
2018,Estonia,0,0,0.0
2019,Estonia,0,0,0.0
2020,Estonia,0,0,0.0
2021,Estonia,0,0,0.0
2022,Estonia,0,0,0.0
2023,Estonia,0,0,0.0
2008,Falkland (Malvinas),0,0,0.0
2009,Falkland (Malvinas),0,0,0.0
2010,Falkland (Malvinas),0,0,0.0
2011,Falkland (Malvinas),0,0,0.0
2012,Falkland (Malvinas),0,0,0.0
2013,Falkland (Malvinas),0,0,0.0
2014,Falkland (Malvinas),0,0,0.0
2015,Falkland (Malvinas),0,0,0.0
2016,Falkland (Malvinas),0,0,0.0
2017,Falkland (Malvinas),0,0,0.0
2018,Falkland (Malvinas),0,0,0.0
2019,Falkland (Malvinas),0,0,0.0
2020,Falkland (Malvinas),0,0,0.0
2021,Falkland (Malvinas),0,0,0.0
2022,Falkland (Malvinas),360,2081,5.780555555555556
2023,Falkland (Malvinas),0,0,0.0
2008,Filipinas,0,0,0.0
2009,Filipinas,0,0,0.0
2010,Filipinas,0,0,0.0
2011,Filipinas,0,0,0.0
2012,Filipinas,0,0,0.0
2013,Filipinas,0,0,0.0
2014,Filipinas,0,0,0.0
2015,Filipinas,0,0,0.0
2016,Filipinas,0,0,0.0
2017,Filipinas,0,0,0.0
2018,Filipinas,0,0,0.0
2019,Filipinas,24,109,4.541666666666667
2020,Filipinas,0,0,0.0
2021,Filipinas,0,0,0.0
2022,Filipinas,77,389,5.0519480519480515
2023,Filipinas,20,111,5.55
2008,Filânldia,0,0,0.0
2009,Filânldia,0,0,0.0
2010,Filânldia,0,0,0.0
2011,Filânldia,1287,6359,4.940947940947941
2012,Filânldia,378,4084,10.804232804232804
2013,Filânldia,693,9556,13.78932178932179
2014,Filânldia,0,0,0.0
2015,Filânldia,0,0,0.0
2016,Filânldia,7522,35948,4.779048125498537
2017,Filânldia,0,0,0.0
2018,Filânldia,0,0,0.0
2019,Filânldia,0,0,0.0
2020,Filânldia,1078,7065,6.553803339517625
2021,Filânldia,0,0,0.0
2022,Filânldia,0,0,0.0
2023,Filânldia,180,1770,9.833333333333334
2008,França,5922,15429,2.605369807497467
2009,França,0,0,0.0
2010,França,990,3951,3.9909090909090907
2011,França,1481,4436,2.9952734638757597
2012,França,945,6116,6.471957671957672
2013,França,5400,22664,4.197037037037037
2014,França,7808,42952,5.501024590163935
2015,França,16246,203297,12.513664902129754
2016,França,0,0,0.0
2017,França,0,0,0.0
2018,França,2163,9147,4.228848821081831
2019,França,3123,15835,5.070445084854307
2020,França,7481,37286,4.984093035690416
2021,França,1015,5366,5.286699507389162
2022,França,772,4308,5.580310880829016
2023,França,0,0,0.0
2008,Gana,0,0,0.0
2009,Gana,0,0,0.0
2010,Gana,0,0,0.0
2011,Gana,0,0,0.0
2012,Gana,0,0,0.0
2013,Gana,0,0,0.0
2014,Gana,0,0,0.0
2015,Gana,0,0,0.0
2016,Gana,0,0,0.0
2017,Gana,0,0,0.0
2018,Gana,0,0,0.0
2019,Gana,810,3696,4.562962962962963
2020,Gana,0,0,0.0
2021,Gana,654,3555,5.435779816513762
2022,Gana,12729,58137,4.567287296724016
2023,Gana,4719,35778,7.58169103623649
2008,Gibraltar,0,0,0.0
2009,Gibraltar,0,0,0.0
2010,Gibraltar,0,0,0.0
2011,Gibraltar,0,0,0.0
2012,Gibraltar,0,0,0.0
2013,Gibraltar,0,0,0.0
2014,Gibraltar,0,0,0.0
2015,Gibraltar,0,0,0.0
2016,Gibraltar,0,0,0.0
2017,Gibraltar,0,0,0.0
2018,Gibraltar,0,0,0.0
2019,Gibraltar,43,85,1.9767441860465116
2020,Gibraltar,0,0,0.0
2021,Gibraltar,0,0,0.0
2022,Gibraltar,0,0,0.0
2023,Gibraltar,0,0,0.0
2008,Granada,0,0,0.0
2009,Granada,0,0,0.0
2010,Granada,0,0,0.0
2011,Granada,0,0,0.0
2012,Granada,0,0,0.0
2013,Granada,0,0,0.0
2014,Granada,0,0,0.0
2015,Granada,0,0,0.0
2016,Granada,0,0,0.0
2017,Granada,0,0,0.0
2018,Granada,0,0,0.0
2019,Granada,0,0,0.0
2020,Granada,0,0,0.0
2021,Granada,0,0,0.0
2022,Granada,1122,3050,2.7183600713012477
2023,Granada,0,0,0.0
2008,Grécia,0,0,0.0
2009,Grécia,0,0,0.0
2010,Grécia,0,0,0.0
2011,Grécia,0,0,0.0
2012,Grécia,0,0,0.0
2013,Grécia,0,0,0.0
2014,Grécia,0,0,0.0
2015,Grécia,0,0,0.0
2016,Grécia,0,0,0.0
2017,Grécia,0,0,0.0
2018,Grécia,63,391,6.2063492063492065
2019,Grécia,74,280,3.7837837837837838
2020,Grécia,97,309,3.185567010309278
2021,Grécia,147,360,2.4489795918367347
2022,Grécia,38,177,4.657894736842105
2023,Grécia,59,320,5.423728813559322
2008,Guatemala,0,0,0.0
2009,Guatemala,0,0,0.0
2010,Guatemala,4,10,2.5
2011,Guatemala,0,0,0.0
2012,Guatemala,0,0,0.0
2013,Guatemala,0,0,0.0
2014,Guatemala,0,0,0.0
2015,Guatemala,0,0,0.0
2016,Guatemala,0,0,0.0
2017,Guatemala,0,0,0.0
2018,Guatemala,206,1052,5.106796116504855
2019,Guatemala,446,2933,6.576233183856503
2020,Guatemala,760,4318,5.681578947368421
2021,Guatemala,0,0,0.0
2022,Guatemala,284,1527,5.376760563380282
2023,Guatemala,0,0,0.0
2008,Guiana,0,0,0.0
2009,Guiana,0,0,0.0
2010,Guiana,0,0,0.0
2011,Guiana,0,0,0.0
2012,Guiana,0,0,0.0
2013,Guiana,14,93,6.642857142857143
2014,Guiana,1,6,6.0
2015,Guiana,22,221,10.045454545454545
2016,Guiana,0,0,0.0
2017,Guiana,4,61,15.25
2018,Guiana,0,0,0.0
2019,Guiana,0,0,0.0
2020,Guiana,0,0,0.0
2021,Guiana,0,0,0.0
2022,Guiana,5553,26216,4.721051683774537
2023,Guiana,14084,71163,5.05275489917637
2008,Guiné Equatorial,2,416,208.0
2009,Guiné Equatorial,0,0,0.0
2010,Guiné Equatorial,0,0,0.0
2011,Guiné Equatorial,0,0,0.0
2012,Guiné Equatorial,0,0,0.0
2013,Guiné Equatorial,0,0,0.0
2014,Guiné Equatorial,0,0,0.0
2015,Guiné Equatorial,0,0,0.0
2016,Guiné Equatorial,7738,17056,2.2041871284569656
2017,Guiné Equatorial,0,0,0.0
2018,Guiné Equatorial,0,0,0.0
2019,Guiné Equatorial,0,0,0.0
2020,Guiné Equatorial,0,0,0.0
2021,Guiné Equatorial,0,0,0.0
2022,Guiné Equatorial,0,0,0.0
2023,Guiné Equatorial,0,0,0.0
2008,Guiné-Bissau,0,0,0.0
2009,Guiné-Bissau,0,0,0.0
2010,Guiné-Bissau,0,0,0.0
2011,Guiné-Bissau,0,0,0.0
2012,Guiné-Bissau,0,0,0.0
2013,Guiné-Bissau,0,0,0.0
2014,Guiné-Bissau,0,0,0.0
2015,Guiné-Bissau,0,0,0.0
2016,Guiné-Bissau,0,0,0.0
2017,Guiné-Bissau,0,0,0.0
2018,Guiné-Bissau,0,0,0.0
2019,Guiné-Bissau,0,0,0.0
2020,Guiné-Bissau,0,0,0.0
2021,Guiné-Bissau,0,0,0.0
2022,Guiné-Bissau,0,0,0.0
2023,Guiné-Bissau,0,0,0.0
2008,Haiti,0,0,0.0
2009,Haiti,0,0,0.0
2010,Haiti,0,0,0.0
2011,Haiti,0,0,0.0
2012,Haiti,0,0,0.0
2013,Haiti,48,174,3.625
2014,Haiti,0,0,0.0
2015,Haiti,0,0,0.0
2016,Haiti,0,0,0.0
2017,Haiti,0,0,0.0
2018,Haiti,0,0,0.0
2019,Haiti,0,0,0.0
2020,Haiti,1331,2737,2.0563486100676185
2021,Haiti,4978,11440,2.2981116914423465
2022,Haiti,4842,9417,1.9448574969021066
2023,Haiti,3969,10646,2.6822877299067773
2008,Honduras,54,202,3.740740740740741
2009,Honduras,0,0,0.0
2010,Honduras,0,0,0.0
2011,Honduras,55,120,2.1818181818181817
2012,Honduras,0,0,0.0
2013,Honduras,0,0,0.0
2014,Honduras,0,0,0.0
2015,Honduras,0,0,0.0
2016,Honduras,0,0,0.0
2017,Honduras,0,0,0.0
2018,Honduras,0,0,0.0
2019,Honduras,0,0,0.0
2020,Honduras,0,0,0.0
2021,Honduras,0,0,0.0
2022,Honduras,0,0,0.0
2023,Honduras,0,0,0.0
2008,Hong Kong,810,4054,5.004938271604939
2009,Hong Kong,120,505,4.208333333333333
2010,Hong Kong,0,0,0.0
2011,Hong Kong,424,1620,3.8207547169811322
2012,Hong Kong,320,2753,8.603125
2013,Hong Kong,586,4149,7.080204778156997
2014,Hong Kong,7556,32582,4.312069878242457
2015,Hong Kong,414,2693,6.504830917874396
2016,Hong Kong,225,1704,7.573333333333333
2017,Hong Kong,450,2705,6.011111111111111
2018,Hong Kong,225,1704,7.573333333333333
2019,Hong Kong,2801,10173,3.6319171724384147
2020,Hong Kong,4124,11770,2.8540252182347237
2021,Hong Kong,3669,13135,3.579994548923412
2022,Hong Kong,1175,5328,4.534468085106383
2023,Hong Kong,1355,5169,3.814760147601476
2008,Hungria,0,0,0.0
2009,Hungria,0,0,0.0
2010,Hungria,0,0,0.0
2011,Hungria,0,0,0.0
2012,Hungria,0,0,0.0
2013,Hungria,0,0,0.0
2014,Hungria,0,0,0.0
2015,Hungria,0,0,0.0
2016,Hungria,0,0,0.0
2017,Hungria,0,0,0.0
2018,Hungria,0,0,0.0
2019,Hungria,0,0,0.0
2020,Hungria,0,0,0.0
2021,Hungria,96,668,6.958333333333333
2022,Hungria,0,0,0.0
2023,Hungria,0,0,0.0
2008,Ilha de Man,0,0,0.0
2009,Ilha de Man,0,0,0.0
2010,Ilha de Man,0,0,0.0
2011,Ilha de Man,0,0,0.0
2012,Ilha de Man,0,0,0.0
2013,Ilha de Man,0,0,0.0
2014,Ilha de Man,0,0,0.0
2015,Ilha de Man,0,0,0.0
2016,Ilha de Man,0,0,0.0
2017,Ilha de Man,0,0,0.0
2018,Ilha de Man,0,0,0.0
2019,Ilha de Man,0,0,0.0
2020,Ilha de Man,0,0,0.0
2021,Ilha de Man,0,0,0.0
2022,Ilha de Man,2,20,10.0
2023,Ilha de Man,0,0,0.0
2008,Índia,0,0,0.0
2009,Índia,0,0,0.0
2010,Índia,0,0,0.0
2011,Índia,0,0,0.0
2012,Índia,0,0,0.0
2013,Índia,0,0,0.0
2014,Índia,0,0,0.0
2015,Índia,0,0,0.0
2016,Índia,0,0,0.0
2017,Índia,0,0,0.0
2018,Índia,0,0,0.0
2019,Índia,18,40,2.2222222222222223
2020,Índia,25,80,3.2
2021,Índia,0,26,0.0
2022,Índia,0,0,0.0
2023,Índia,0,0,0.0
2008,Iraque,0,0,0.0
2009,Iraque,0,0,0.0
2010,Iraque,0,0,0.0
2011,Iraque,0,0,0.0
2012,Iraque,0,0,0.0
2013,Iraque,0,0,0.0
2014,Iraque,0,0,0.0
2015,Iraque,0,0,0.0
2016,Iraque,0,0,0.0
2017,Iraque,0,0,0.0
2018,Iraque,0,0,0.0
2019,Iraque,0,0,0.0
2020,Iraque,0,0,0.0
2021,Iraque,0,0,0.0
2022,Iraque,0,0,0.0
2023,Iraque,0,0,0.0
2008,Irlanda,0,0,0.0
2009,Irlanda,0,0,0.0
2010,Irlanda,360,3012,8.366666666666667
2011,Irlanda,1335,9411,7.049438202247191
2012,Irlanda,450,4200,9.333333333333334
2013,Irlanda,1373,14599,10.63292061179898
2014,Irlanda,0,0,0.0
2015,Irlanda,0,0,0.0
2016,Irlanda,0,0,0.0
2017,Irlanda,0,0,0.0
2018,Irlanda,0,0,0.0
2019,Irlanda,14,26,1.8571428571428572
2020,Irlanda,0,0,0.0
2021,Irlanda,0,0,0.0
2022,Irlanda,6,22,3.6666666666666665
2023,Irlanda,0,0,0.0
2008,Islândia,0,0,0.0
2009,Islândia,0,0,0.0
2010,Islândia,0,0,0.0
2011,Islândia,0,0,0.0
2012,Islândia,0,0,0.0
2013,Islândia,0,0,0.0
2014,Islândia,0,0,0.0
2015,Islândia,0,0,0.0
2016,Islândia,0,0,0.0
2017,Islândia,0,0,0.0
2018,Islândia,0,0,0.0
2019,Islândia,0,0,0.0
2020,Islândia,10,45,4.5
2021,Islândia,0,0,0.0
2022,Islândia,0,0,0.0
2023,Islândia,0,0,0.0
2008,Itália,0,0,0.0
2009,Itália,2369,6590,2.7817644575770366
2010,Itália,99,390,3.9393939393939394
2011,Itália,1602,9002,5.619225967540574
2012,Itália,90,1894,21.044444444444444
2013,Itália,315,1926,6.114285714285714
2014,Itália,180,832,4.622222222222222
2015,Itália,0,0,0.0
2016,Itália,135,780,5.777777777777778
2017,Itália,1467,8382,5.713701431492843
2018,Itália,1307,5331,4.078806426931905
2019,Itália,522,2445,4.683908045977011
2020,Itália,150,253,1.6866666666666668
2021,Itália,172,879,5.1104651162790695
2022,Itália,503,3702,7.359840954274354
2023,Itália,1460,19905,13.633561643835616
2008,Japão,964,3578,3.711618257261411
2009,Japão,2900,8650,2.9827586206896552
2010,Japão,4737,15240,3.2172260924635845
2011,Japão,632,2480,3.9240506329113924
2012,Japão,1197,8217,6.864661654135339
2013,Japão,17009,83445,4.905932153565759
2014,Japão,22290,104395,4.683490354419022
2015,Japão,1826,18118,9.92223439211391
2016,Japão,3658,14766,4.036632039365774
2017,Japão,48604,133203,2.740576907250432
2018,Japão,7853,34532,4.397300394753597
2019,Japão,10242,41567,4.058484670962702
2020,Japão,7294,28930,3.966273649574993
2021,Japão,6811,27860,4.090441932168551
2022,Japão,2970,12049,4.056902356902357
2023,Japão,2311,9708,4.200778883600173
2008,Jordânia,0,0,0.0
2009,Jordânia,0,0,0.0
2010,Jordânia,0,0,0.0
2011,Jordânia,0,0,0.0
2012,Jordânia,0,0,0.0
2013,Jordânia,0,0,0.0
2014,Jordânia,0,0,0.0
2015,Jordânia,0,0,0.0
2016,Jordânia,0,0,0.0
2017,Jordânia,0,0,0.0
2018,Jordânia,0,0,0.0
2019,Jordânia,0,0,0.0
2020,Jordânia,30,103,3.433333333333333
2021,Jordânia,0,0,0.0
2022,Jordânia,0,0,0.0
2023,Jordânia,0,0,0.0
2008,Letônia,0,0,0.0
2009,Letônia,0,0,0.0
2010,Letônia,0,0,0.0
2011,Letônia,0,0,0.0
2012,Letônia,0,0,0.0
2013,Letônia,0,0,0.0
2014,Letônia,0,0,0.0
2015,Letônia,0,0,0.0
2016,Letônia,0,0,0.0
2017,Letônia,158,2426,15.354430379746836
2018,Letônia,0,0,0.0
2019,Letônia,0,0,0.0
2020,Letônia,0,0,0.0
2021,Letônia,0,0,0.0
2022,Letônia,0,0,0.0
2023,Letônia,0,0,0.0
2008,Líbano,0,0,0.0
2009,Líbano,0,0,0.0
2010,Líbano,0,0,0.0
2011,Líbano,0,0,0.0
2012,Líbano,0,0,0.0
2013,Líbano,0,0,0.0
2014,Líbano,0,0,0.0
2015,Líbano,0,0,0.0
2016,Líbano,0,0,0.0
2017,Líbano,0,0,0.0
2018,Líbano,0,0,0.0
2019,Líbano,29,108,3.7241379310344827
2020,Líbano,0,0,0.0
2021,Líbano,540,1930,3.574074074074074
2022,Líbano,1350,4810,3.562962962962963
2023,Líbano,0,0,0.0
2008,Libéria,0,0,0.0
2009,Libéria,0,0,0.0
2010,Libéria,0,0,0.0
2011,Libéria,0,0,0.0
2012,Libéria,0,0,0.0
2013,Libéria,0,0,0.0
2014,Libéria,0,0,0.0
2015,Libéria,0,0,0.0
2016,Libéria,0,0,0.0
2017,Libéria,0,0,0.0
2018,Libéria,300,444,1.48
2019,Libéria,1207,2420,2.0049710024855014
2020,Libéria,1105,6684,6.048868778280543
2021,Libéria,795,2509,3.1559748427672956
2022,Libéria,1105,3367,3.0470588235294116
2023,Libéria,973,3358,3.4511819116135665
2008,Luxemburgo,1683,6367,3.7831253713606654
2009,Luxemburgo,993,3963,3.990936555891239
2010,Luxemburgo,846,4975,5.880614657210402
2011,Luxemburgo,471,2873,6.099787685774947
2012,Luxemburgo,0,0,0.0
2013,Luxemburgo,765,3973,5.193464052287582
2014,Luxemburgo,1080,5790,5.361111111111111
2015,Luxemburgo,0,0,0.0
2016,Luxemburgo,45,521,11.577777777777778
2017,Luxemburgo,360,1825,5.069444444444445
2018,Luxemburgo,113,655,5.79646017699115
2019,Luxemburgo,495,2474,4.997979797979798
2020,Luxemburgo,0,0,0.0
2021,Luxemburgo,0,0,0.0
2022,Luxemburgo,0,0,0.0
2023,Luxemburgo,18,305,16.944444444444443
2008,Maldivas,0,0,0.0
2009,Maldivas,0,0,0.0
2010,Maldivas,0,0,0.0
2011,Maldivas,0,0,0.0
2012,Maldivas,0,0,0.0
2013,Maldivas,0,0,0.0
2014,Maldivas,0,0,0.0
2015,Maldivas,0,0,0.0
2016,Maldivas,0,0,0.0
2017,Maldivas,0,0,0.0
2018,Maldivas,0,0,0.0
2019,Maldivas,0,0,0.0
2020,Maldivas,0,0,0.0
2021,Maldivas,3023,12327,4.077737347006285
2022,Maldivas,3221,10680,3.3157404532753803
2023,Maldivas,4577,20204,4.414245138737164
2008,Malta,0,0,0.0
2009,Malta,0,0,0.0
2010,Malta,0,0,0.0
2011,Malta,0,0,0.0
2012,Malta,0,0,0.0
2013,Malta,0,0,0.0
2014,Malta,0,0,0.0
2015,Malta,0,0,0.0
2016,Malta,0,0,0.0
2017,Malta,0,0,0.0
2018,Malta,0,0,0.0
2019,Malta,359,1317,3.668523676880223
2020,Malta,1692,2862,1.6914893617021276
2021,Malta,364,2289,6.288461538461538
2022,Malta,191,822,4.303664921465969
2023,Malta,1472,44498,30.22961956521739
2008,"Marshall, Ilhas",0,0,0.0
2009,"Marshall, Ilhas",0,0,0.0
2010,"Marshall, Ilhas",0,0,0.0
2011,"Marshall, Ilhas",0,0,0.0
2012,"Marshall, Ilhas",0,0,0.0
2013,"Marshall, Ilhas",0,0,0.0
2014,"Marshall, Ilhas",0,0,0.0
2015,"Marshall, Ilhas",0,0,0.0
2016,"Marshall, Ilhas",0,0,0.0
2017,"Marshall, Ilhas",0,0,0.0
2018,"Marshall, Ilhas",158,604,3.8227848101265822
2019,"Marshall, Ilhas",1594,2853,1.789836888331242
2020,"Marshall, Ilhas",2093,4587,2.191591017677974
2021,"Marshall, Ilhas",1057,4087,3.866603595080416
2022,"Marshall, Ilhas",1154,3438,2.979202772963605
2023,"Marshall, Ilhas",1375,4886,3.5534545454545454
2008,Montenegro,0,0,0.0
2009,Montenegro,0,0,0.0
2010,Montenegro,0,0,0.0
2011,Montenegro,0,0,0.0
2012,Montenegro,0,0,0.0
2013,Montenegro,0,0,0.0
2014,Montenegro,0,0,0.0
2015,Montenegro,0,0,0.0
2016,Montenegro,0,0,0.0
2017,Montenegro,0,0,0.0
2018,Montenegro,0,0,0.0
2019,Montenegro,0,0,0.0
2020,Montenegro,0,0,0.0
2021,Montenegro,9,24,2.6666666666666665
2022,Montenegro,0,0,0.0
2023,Montenegro,0,0,0.0
2008,México,0,0,0.0
2009,México,0,0,0.0
2010,México,95328,24000,0.25176233635448136
2011,México,0,0,0.0
2012,México,0,0,0.0
2013,México,0,0,0.0
2014,México,0,0,0.0
2015,México,0,0,0.0
2016,México,0,0,0.0
2017,México,0,0,0.0
2018,México,737,2476,3.359565807327001
2019,México,0,0,0.0
2020,México,0,0,0.0
2021,México,0,0,0.0
2022,México,0,0,0.0
2023,México,0,0,0.0
2008,Nicarágua,0,0,0.0
2009,Nicarágua,0,0,0.0
2010,Nicarágua,20,40,2.0
2011,Nicarágua,39,20,0.5128205128205128
2012,Nicarágua,0,0,0.0
2013,Nicarágua,0,0,0.0
2014,Nicarágua,0,0,0.0
2015,Nicarágua,0,0,0.0
2016,Nicarágua,0,0,0.0
2017,Nicarágua,0,0,0.0
2018,Nicarágua,0,0,0.0
2019,Nicarágua,0,0,0.0
2020,Nicarágua,0,0,0.0
2021,Nicarágua,0,0,0.0
2022,Nicarágua,0,0,0.0
2023,Nicarágua,0,0,0.0
2008,Nigéria,0,0,0.0
2009,Nigéria,0,0,0.0
2010,Nigéria,0,0,0.0
2011,Nigéria,108,506,4.685185185185185
2012,Nigéria,388,1984,5.11340206185567
2013,Nigéria,0,0,0.0
2014,Nigéria,0,0,0.0
2015,Nigéria,0,0,0.0
2016,Nigéria,68,445,6.544117647058823
2017,Nigéria,0,0,0.0
2018,Nigéria,976,4029,4.128073770491803
2019,Nigéria,1809,7513,4.1531232725262575
2020,Nigéria,4613,15728,3.409494905701279
2021,Nigéria,0,0,0.0
2022,Nigéria,6705,32586,4.859955257270694
2023,Nigéria,0,0,0.0
2008,Noruega,0,0,0.0
2009,Noruega,0,0,0.0
2010,Noruega,0,0,0.0
2011,Noruega,3693,21352,5.781749255347956
2012,Noruega,1534,15933,10.386571056062582
2013,Noruega,567,3904,6.885361552028218
2014,Noruega,24616,119690,4.862284692882678
2015,Noruega,3192,10099,3.1638471177944862
2016,Noruega,0,0,0.0
2017,Noruega,0,0,0.0
2018,Noruega,81,300,3.7037037037037037
2019,Noruega,345,505,1.463768115942029
2020,Noruega,172,321,1.8662790697674418
2021,Noruega,37,155,4.1891891891891895
2022,Noruega,483,9852,20.39751552795031
2023,Noruega,0,0,0.0
2008,Nova Zelândia,0,0,0.0
2009,Nova Zelândia,0,0,0.0
2010,Nova Zelândia,0,0,0.0
2011,Nova Zelândia,291,1606,5.518900343642612
2012,Nova Zelândia,150,1021,6.806666666666667
2013,Nova Zelândia,150,970,6.466666666666667
2014,Nova Zelândia,150,554,3.6933333333333334
2015,Nova Zelândia,233,822,3.5278969957081543
2016,Nova Zelândia,0,0,0.0
2017,Nova Zelândia,196,1021,5.209183673469388
2018,Nova Zelândia,15,168,11.2
2019,Nova Zelândia,0,0,0.0
2020,Nova Zelândia,0,0,0.0
2021,Nova Zelândia,0,0,0.0
2022,Nova Zelândia,0,0,0.0
2023,Nova Zelândia,303,4231,13.963696369636963
2008,Países Baixos (Holanda),0,0,0.0
2009,Países Baixos (Holanda),2250,11276,5.011555555555556
2010,Países Baixos (Holanda),2896,11444,3.951657458563536
2011,Países Baixos (Holanda),5948,18399,3.093308675184936
2012,Países Baixos (Holanda),3854,25485,6.612610275038921
2013,Países Baixos (Holanda),1822,10000,5.48847420417124
2014,Países Baixos (Holanda),8280,51852,6.26231884057971
2015,Países Baixos (Holanda),1665,7907,4.748948948948949
2016,Países Baixos (Holanda),0,0,0.0
2017,Países Baixos (Holanda),0,0,0.0
2018,Países Baixos (Holanda),0,0,0.0
2019,Países Baixos (Holanda),432,923,2.136574074074074
2020,Países Baixos (Holanda),38,717,18.86842105263158
2021,Países Baixos (Holanda),86,479,5.569767441860465
2022,Países Baixos (Holanda),707,6038,8.54031117397454
2023,Países Baixos (Holanda),3,49,16.333333333333332
2008,Panamá,0,0,0.0
2009,Panamá,0,0,0.0
2010,Panamá,27,30,1.1111111111111112
2011,Panamá,0,0,0.0
2012,Panamá,0,0,0.0
2013,Panamá,0,0,0.0
2014,Panamá,0,0,0.0
2015,Panamá,0,0,0.0
2016,Panamá,0,0,0.0
2017,Panamá,0,0,0.0
2018,Panamá,319,740,2.3197492163009406
2019,Panamá,2929,6126,2.091498805052919
2020,Panamá,7163,15019,2.0967471729722185
2021,Panamá,1639,4514,2.75411836485662
2022,Panamá,3092,32540,10.523932729624839
2023,Panamá,7936,43115,5.432837701612903
2008,Paraguai,4637,8088,1.7442311839551434
2009,Paraguai,20099,18376,0.914274342007065
2010,Paraguai,6728,24228,3.6010701545778834
2011,Paraguai,2513,8531,3.3947473139673696
2012,Paraguai,3568,10442,2.9265695067264574
2013,Paraguai,23603,81321,3.445367114349871
2014,Paraguai,28038,96500,3.4417576146658106
2015,Paraguai,29016,70845,2.441583953680728
2016,Paraguai,40197,123169,3.064134139363634
2017,Paraguai,80951,255320,3.1540067448209412
2018,Paraguai,92114,205510,2.2310397985105412
2019,Paraguai,94620,224306,2.370598182202494
2020,Paraguai,16231,48614,2.995132770624114
2021,Paraguai,45629,136909,3.00048214951018
2022,Paraguai,48160,183187,3.803716777408638
2023,Paraguai,64662,192975,2.9843648510717267
2008,Peru,0,0,0.0
2009,Peru,0,0,0.0
2010,Peru,0,0,0.0
2011,Peru,0,0,0.0
2012,Peru,0,0,0.0
2013,Peru,0,0,0.0
2014,Peru,0,0,0.0
2015,Peru,0,0,0.0
2016,Peru,0,0,0.0
2017,Peru,0,0,0.0
2018,Peru,1577,6379,4.045022194039315
2019,Peru,596,1854,3.110738255033557
2020,Peru,0,0,0.0
2021,Peru,0,0,0.0
2022,Peru,0,0,0.0
2023,Peru,108,756,7.0
2008,Polônia,2682,10390,3.8739746457867263
2009,Polônia,1545,6859,4.439482200647249
2010,Polônia,90,599,6.655555555555556
2011,Polônia,0,0,0.0
2012,Polônia,0,0,0.0
2013,Polônia,0,0,0.0
2014,Polônia,206,1245,6.043689320388349
2015,Polônia,225,2310,10.266666666666667
2016,Polônia,0,0,0.0
2017,Polônia,0,0,0.0
2018,Polônia,23099,73608,3.186631455907182
2019,Polônia,18810,57107,3.0359914938862307
2020,Polônia,14,19,1.3571428571428572
2021,Polônia,0,0,0.0
2022,Polônia,0,0,0.0
2023,Polônia,126,659,5.23015873015873
2008,Porto Rico,0,0,0.0
2009,Porto Rico,0,0,0.0
2010,Porto Rico,0,0,0.0
2011,Porto Rico,0,0,0.0
2012,Porto Rico,0,0,0.0
2013,Porto Rico,0,0,0.0
2014,Porto Rico,0,0,0.0
2015,Porto Rico,45,1736,38.577777777777776
2016,Porto Rico,0,0,0.0
2017,Porto Rico,0,0,0.0
2018,Porto Rico,100,1512,15.12
2019,Porto Rico,0,0,0.0
2020,Porto Rico,0,0,0.0
2021,Porto Rico,0,0,0.0
2022,Porto Rico,0,0,0.0
2023,Porto Rico,0,0,0.0
2008,Portugal,0,0,0.0
2009,Portugal,0,0,0.0
2010,Portugal,5387,17475,3.2439205494709484
2011,Portugal,0,0,0.0
2012,Portugal,0,0,0.0
2013,Portugal,0,0,0.0
2014,Portugal,0,0,0.0
2015,Portugal,0,0,0.0
2016,Portugal,0,0,0.0
2017,Portugal,756,11568,15.301587301587302
2018,Portugal,1552,23255,14.98389175257732
2019,Portugal,1288,15933,12.370341614906833
2020,Portugal,631,11065,17.53565768621236
2021,Portugal,21,135,6.428571428571429
2022,Portugal,56,612,10.928571428571429
2023,Portugal,2191,38616,17.62482884527613
2008,Quênia,0,0,0.0
2009,Quênia,0,0,0.0
2010,Quênia,0,0,0.0
2011,Quênia,0,0,0.0
2012,Quênia,80,483,6.0375
2013,Quênia,1,1,1.0
2014,Quênia,0,0,0.0
2015,Quênia,0,0,0.0
2016,Quênia,0,0,0.0
2017,Quênia,100,1512,15.12
2018,Quênia,0,0,0.0
2019,Quênia,0,0,0.0
2020,Quênia,0,0,0.0
2021,Quênia,0,0,0.0
2022,Quênia,0,0,0.0
2023,Quênia,0,0,0.0
2008,Reino Unido,20880,70326,3.3681034482758623
2009,Reino Unido,0,0,0.0
2010,Reino Unido,13501,55256,4.092733871565069
2011,Reino Unido,1980,8040,4.0606060606060606
2012,Reino Unido,11896,66897,5.623486886348353
2013,Reino Unido,13900,73941,5.319496402877697
2014,Reino Unido,131483,607711,4.621973943399527
2015,Reino Unido,16511,97055,5.878202410514203
2016,Reino Unido,56615,223774,3.952556742912656
2017,Reino Unido,27700,101672,3.6704693140794222
2018,Reino Unido,14626,72651,4.96725010255709
2019,Reino Unido,11049,54428,4.9260566567110144
2020,Reino Unido,8084,42414,5.246660069272638
2021,Reino Unido,7130,45041,6.31711079943899
2022,Reino Unido,9305,53968,5.799892530897367
2023,Reino Unido,16057,86879,5.410662016565984
2008,Republica Dominicana,0,0,0.0
2009,Republica Dominicana,0,0,0.0
2010,Republica Dominicana,0,0,0.0
2011,Republica Dominicana,0,0,0.0
2012,Republica Dominicana,0,0,0.0
2013,Republica Dominicana,0,0,0.0
2014,Republica Dominicana,0,0,0.0
2015,Republica Dominicana,0,0,0.0
2016,Republica Dominicana,0,0,0.0
2017,Republica Dominicana,0,0,0.0
2018,Republica Dominicana,0,0,0.0
2019,Republica Dominicana,0,0,0.0
2020,Republica Dominicana,0,0,0.0
2021,Republica Dominicana,0,0,0.0
2022,Republica Dominicana,0,0,0.0
2023,Republica Dominicana,0,0,0.0
2008,Republica Tcheca,493,1125,2.281947261663286
2009,Republica Tcheca,395,900,2.278481012658228
2010,Republica Tcheca,0,0,0.0
2011,Republica Tcheca,526,2020,3.840304182509506
2012,Republica Tcheca,0,0,0.0
2013,Republica Tcheca,158,1755,11.10759493670886
2014,Republica Tcheca,7,66,9.428571428571429
2015,Republica Tcheca,23,278,12.08695652173913
2016,Republica Tcheca,94,532,5.659574468085107
2017,Republica Tcheca,207,942,4.550724637681159
2018,Republica Tcheca,0,0,0.0
2019,Republica Tcheca,0,0,0.0
2020,Republica Tcheca,0,0,0.0
2021,Republica Tcheca,0,0,0.0
2022,Republica Tcheca,0,0,0.0
2023,Republica Tcheca,0,0,0.0
2008,Rússia,0,0,0.0
2009,Rússia,0,0,0.0
2010,Rússia,0,0,0.0
2011,Rússia,0,0,0.0
2012,Rússia,0,0,0.0
2013,Rússia,0,0,0.0
2014,Rússia,0,0,0.0
2015,Rússia,0,0,0.0
2016,Rússia,0,0,0.0
2017,Rússia,0,0,0.0
2018,Rússia,47765,18240,0.38186956976865905
2019,Rússia,71654,27360,0.381834928964189
2020,Rússia,0,0,0.0
2021,Rússia,0,0,0.0
2022,Rússia,990,5280,5.333333333333333
2023,Rússia,0,0,0.0
2008,Serra Leoa,0,0,0.0
2009,Serra Leoa,0,0,0.0
2010,Serra Leoa,0,0,0.0
2011,Serra Leoa,0,0,0.0
2012,Serra Leoa,0,0,0.0
2013,Serra Leoa,0,0,0.0
2014,Serra Leoa,0,0,0.0
2015,Serra Leoa,0,0,0.0
2016,Serra Leoa,0,0,0.0
2017,Serra Leoa,0,0,0.0
2018,Serra Leoa,0,0,0.0
2019,Serra Leoa,0,0,0.0
2020,Serra Leoa,450,2140,4.7555555555555555
2021,Serra Leoa,225,1070,4.7555555555555555
2022,Serra Leoa,225,1165,5.177777777777778
2023,Serra Leoa,271,1287,4.749077490774908
2008,Singapura,0,0,0.0
2009,Singapura,0,0,0.0
2010,Singapura,0,0,0.0
2011,Singapura,0,0,0.0
2012,Singapura,0,0,0.0
2013,Singapura,0,0,0.0
2014,Singapura,0,0,0.0
2015,Singapura,0,0,0.0
2016,Singapura,0,0,0.0
2017,Singapura,0,0,0.0
2018,Singapura,0,0,0.0
2019,Singapura,0,0,0.0
2020,Singapura,979,2193,2.240040858018386
2021,Singapura,525,926,1.7638095238095237
2022,Singapura,642,5235,8.154205607476635
2023,Singapura,209,599,2.8660287081339715
2008,Suécia,5922,17100,2.8875379939209727
2009,Suécia,2070,10950,5.2898550724637685
2010,Suécia,0,0,0.0
2011,Suécia,0,0,0.0
2012,Suécia,0,0,0.0
2013,Suécia,450,6470,14.377777777777778
2014,Suécia,98,534,5.448979591836735
2015,Suécia,292,2190,7.5
2016,Suécia,140,352,2.5142857142857142
2017,Suécia,298,1136,3.8120805369127515
2018,Suécia,54,218,4.037037037037037
2019,Suécia,0,0,0.0
2020,Suécia,0,0,0.0
2021,Suécia,0,0,0.0
2022,Suécia,0,0,0.0
2023,Suécia,0,0,0.0
2008,Suíça,16830,45662,2.713131313131313
2009,Suíça,0,0,0.0
2010,Suíça,0,0,0.0
2011,Suíça,3465,12250,3.5353535353535355
2012,Suíça,3780,31080,8.222222222222221
2013,Suíça,1620,14014,8.650617283950618
2014,Suíça,10936,111259,10.173646671543526
2015,Suíça,1080,9648,8.933333333333334
2016,Suíça,270,2719,10.07037037037037
2017,Suíça,1890,16884,8.933333333333334
2018,Suíça,0,0,0.0
2019,Suíça,2704,8959,3.3132396449704142
2020,Suíça,672,227,0.33779761904761907
2021,Suíça,1074,4739,4.412476722532588
2022,Suíça,0,0,0.0
2023,Suíça,444,4474,10.076576576576576
2008,Suriname,0,0,0.0
2009,Suriname,0,0,0.0
2010,Suriname,0,0,0.0
2011,Suriname,0,0,0.0
2012,Suriname,0,0,0.0
2013,Suriname,0,0,0.0
2014,Suriname,31,88,2.838709677419355
2015,Suriname,8,19,2.375
2016,Suriname,0,0,0.0
2017,Suriname,0,0,0.0
2018,Suriname,0,0,0.0
2019,Suriname,2,3,1.5
2020,Suriname,0,0,0.0
2021,Suriname,880,4202,4.775
2022,Suriname,0,0,0.0
2023,Suriname,0,0,0.0
2008,Tailândia,0,0,0.0
2009,Tailândia,0,0,0.0
2010,Tailândia,0,0,0.0
2011,Tailândia,0,0,0.0
2012,Tailândia,0,0,0.0
2013,Tailândia,0,0,0.0
2014,Tailândia,0,0,0.0
2015,Tailândia,0,0,0.0
2016,Tailândia,0,0,0.0
2017,Tailândia,0,0,0.0
2018,Tailândia,0,0,0.0
2019,Tailândia,8,169,21.125
2020,Tailândia,16,287,17.9375
2021,Tailândia,22,142,6.454545454545454
2022,Tailândia,17,107,6.294117647058823
2023,Tailândia,7,43,6.142857142857143
2008,Taiwan (Formosa),0,0,0.0
2009,Taiwan (Formosa),0,0,0.0
2010,Taiwan (Formosa),0,0,0.0
2011,Taiwan (Formosa),0,0,0.0
2012,Taiwan (Formosa),0,0,0.0
2013,Taiwan (Formosa),0,0,0.0
2014,Taiwan (Formosa),0,0,0.0
2015,Taiwan (Formosa),0,0,0.0
2016,Taiwan (Formosa),2706,13484,4.9830007390983
2017,Taiwan (Formosa),1507,6574,4.362309223623092
2018,Taiwan (Formosa),0,0,0.0
2019,Taiwan (Formosa),5,6,1.2
2020,Taiwan (Formosa),995,4212,4.233165829145729
2021,Taiwan (Formosa),1255,5578,4.444621513944223
2022,Taiwan (Formosa),901,4141,4.5960044395116535
2023,Taiwan (Formosa),1099,3664,3.3339399454049135
2008,"Tcheca, República",0,0,0.0
2009,"Tcheca, República",0,0,0.0
2010,"Tcheca, República",0,0,0.0
2011,"Tcheca, República",0,0,0.0
2012,"Tcheca, República",0,0,0.0
2013,"Tcheca, República",0,0,0.0
2014,"Tcheca, República",0,0,0.0
2015,"Tcheca, República",0,0,0.0
2016,"Tcheca, República",0,0,0.0
2017,"Tcheca, República",0,0,0.0
2018,"Tcheca, República",0,0,0.0
2019,"Tcheca, República",0,0,0.0
2020,"Tcheca, República",0,0,0.0
2021,"Tcheca, República",0,0,0.0
2022,"Tcheca, República",0,0,0.0
2023,"Tcheca, República",167,1236,7.401197604790419
2008,Trinidade e Tobago,0,0,0.0
2009,Trinidade e Tobago,0,0,0.0
2010,Trinidade e Tobago,18,20,1.1111111111111112
2011,Trinidade e Tobago,0,0,0.0
2012,Trinidade e Tobago,383,1785,4.660574412532637
2013,Trinidade e Tobago,0,0,0.0
2014,Trinidade e Tobago,315,1470,4.666666666666667
2015,Trinidade e Tobago,0,0,0.0
2016,Trinidade e Tobago,0,0,0.0
2017,Trinidade e Tobago,0,0,0.0
2018,Trinidade e Tobago,0,0,0.0
2019,Trinidade e Tobago,0,0,0.0
2020,Trinidade e Tobago,0,0,0.0
2021,Trinidade e Tobago,0,0,0.0
2022,Trinidade e Tobago,0,0,0.0
2023,Trinidade e Tobago,0,0,0.0
2008,Turquia,0,0,0.0
2009,Turquia,0,0,0.0
2010,Turquia,0,0,0.0
2011,Turquia,0,0,0.0
2012,Turquia,0,0,0.0
2013,Turquia,0,0,0.0
2014,Turquia,0,0,0.0
2015,Turquia,0,0,0.0
2016,Turquia,0,0,0.0
2017,Turquia,0,0,0.0
2018,Turquia,0,0,0.0
2019,Turquia,6,30,5.0
2020,Turquia,18,75,4.166666666666667
2021,Turquia,74,258,3.4864864864864864
2022,Turquia,2,17,8.5
2023,Turquia,6930,26566,3.8334776334776333
2008,Uruguai,0,0,0.0
2009,Uruguai,0,0,0.0
2010,Uruguai,472,21325,45.18008474576271
2011,Uruguai,0,0,0.0
2012,Uruguai,0,0,0.0
2013,Uruguai,22717,82754,3.6428225557952194
2014,Uruguai,34463,128510,3.7289266749847663
2015,Uruguai,19574,74551,3.808674772657607
2016,Uruguai,7656,28085,3.668364681295716
2017,Uruguai,13237,48581,3.670091410440432
2018,Uruguai,9265,34039,3.6739341608202913
2019,Uruguai,2808,15045,5.357905982905983
2020,Uruguai,1796,15322,8.531180400890868
2021,Uruguai,0,0,0.0
2022,Uruguai,10200,87895,8.617156862745098
2023,Uruguai,2812,14352,5.103840682788051
2008,Vanuatu,0,0,0.0
2009,Vanuatu,0,0,0.0
2010,Vanuatu,0,0,0.0
2011,Vanuatu,0,0,0.0
2012,Vanuatu,0,0,0.0
2013,Vanuatu,0,0,0.0
2014,Vanuatu,0,0,0.0
2015,Vanuatu,0,0,0.0
2016,Vanuatu,0,0,0.0
2017,Vanuatu,0,0,0.0
2018,Vanuatu,0,0,0.0
2019,Vanuatu,0,0,0.0
2020,Vanuatu,14,31,2.2142857142857144
2021,Vanuatu,0,0,0.0
2022,Vanuatu,0,0,0.0
2023,Vanuatu,0,0,0.0
2008,Venezuela,0,0,0.0
2009,Venezuela,0,0,0.0
2010,Venezuela,0,0,0.0
2011,Venezuela,0,0,0.0
2012,Venezuela,1470,10065,6.846938775510204
2013,Venezuela,0,0,0.0
2014,Venezuela,2,46,23.0
2015,Venezuela,0,0,0.0
2016,Venezuela,16,13,0.8125
2017,Venezuela,455,2205,4.846153846153846
2018,Venezuela,5,10,2.0
2019,Venezuela,450,2670,5.933333333333334
2020,Venezuela,0,0,0.0
2021,Venezuela,0,0,0.0
2022,Venezuela,0,0,0.0
2023,Venezuela,0,0,0.0
2008,Vietnã,0,0,0.0
2009,Vietnã,675,1768,2.6192592592592594
2010,Vietnã,189,651,3.4444444444444446
2011,Vietnã,0,0,0.0
2012,Vietnã,0,0,0.0
2013,Vietnã,0,0,0.0
2014,Vietnã,0,0,0.0
2015,Vietnã,0,0,0.0
2016,Vietnã,0,0,0.0
2017,Vietnã,0,0,0.0
2018,Vietnã,0,0,0.0
2019,Vietnã,0,0,0.0
2020,Vietnã,0,0,0.0
2021,Vietnã,144,374,2.5972222222222223
2022,Vietnã,16,19,1.1875
2023,Vietnã,0,0,0.0
